region,date,trip_count,avg_distance_mi,avg_duration_min,temperature_c_mean,rain_sum,wind_speed_ms_max,month,weekday,weekend_flag
DTLA,2024-09-23,967,0.936585,24.226856,20.170391,0.000000,17.673029,9,0,0
DTLA,2024-09-24,1192,0.817577,18.557520,19.250917,0.000000,20.696087,9,1,0
DTLA,2024-09-25,1011,0.833654,19.494309,18.682167,0.000000,17.288435,9,2,0
DTLA,2024-09-26,970,0.880774,19.594919,18.053000,0.000000,17.179394,9,3,0
DTLA,2024-09-27,1011,0.762996,18.816559,17.921750,0.000000,15.697197,9,4,0
DTLA,2024-09-28,831,0.811158,20.836292,18.424739,0.000000,19.093580,9,5,1
DTLA,2024-09-29,832,0.967591,22.259106,19.086334,0.000000,18.102308,9,6,1
DTLA,2024-09-30,849,0.932556,17.046246,20.723833,0.000000,19.797543,9,0,0
DTLA,2024-10-01,934,0.721824,17.740718,21.136333,0.000000,15.833861,10,1,0
DTLA,2024-10-02,1132,0.754741,22.355772,22.644666,0.000000,14.037692,10,2,0
DTLA,2024-10-03,944,0.947972,17.124224,23.111333,0.000000,14.275713,10,3,0
DTLA,2024-10-04,889,0.753424,18.478882,21.240500,0.000000,16.029099,10,4,0
DTLA,2024-10-05,852,0.909190,20.950225,20.538417,0.000000,14.957339,10,5,1
DTLA,2024-10-06,720,0.758676,23.448194,20.900917,0.000000,16.704155,10,6,1
DTLA,2024-10-07,895,0.859930,24.232722,21.726913,0.000000,15.580141,10,0,0
DTLA,2024-10-08,938,0.801248,18.810104,20.332167,0.000000,15.307410,10,1,0
DTLA,2024-10-09,868,0.827763,18.437702,19.771182,0.000000,17.728857,10,2,0
DTLA,2024-10-10,904,0.880704,19.443659,20.131261,0.000000,15.530151,10,3,0
DTLA,2024-10-11,914,0.926582,18.345361,21.409250,0.000000,15.210799,10,4,0
DTLA,2024-10-12,904,0.841601,21.795360,19.537783,0.000000,16.712881,10,5,1
DTLA,2024-10-13,2002,1.032437,49.875035,17.942583,0.000000,19.313757,10,6,1
DTLA,2024-10-14,823,0.934432,17.435866,18.694305,0.000000,15.035119,10,0,0
DTLA,2024-10-15,878,0.778189,18.788336,18.094305,0.000000,15.129640,10,1,0
DTLA,2024-10-16,853,0.846546,20.996790,18.032167,0.000000,18.089775,10,2,0
DTLA,2024-10-17,851,0.886701,21.137727,18.136333,1.000000,16.045261,10,3,0
DTLA,2024-10-18,912,0.880706,22.952551,19.198834,0.000000,11.701385,10,4,0
DTLA,2024-10-19,750,0.900777,24.626573,18.678000,0.000000,17.595861,10,5,1
DTLA,2024-10-20,703,0.918585,19.219706,20.631261,0.000000,20.808498,10,6,1
DTLA,2024-10-21,885,0.800617,30.895263,22.218909,0.000000,20.652988,10,0,0
DTLA,2024-10-22,949,0.815675,16.915224,23.098652,0.000000,17.873556,10,1,0
DTLA,2024-10-23,889,0.888426,14.050357,23.040500,0.000000,17.072504,10,2,0
DTLA,2024-10-24,793,0.910360,17.095744,20.681572,0.000000,17.460928,10,3,0
DTLA,2024-10-25,1010,0.814305,17.996619,18.033435,0.000000,15.250154,10,4,0
DTLA,2024-10-26,742,0.976014,20.563907,19.148834,0.000000,14.178927,10,5,1
DTLA,2024-10-27,765,0.847048,22.318012,19.298834,0.000000,14.428097,10,6,1
DTLA,2024-10-28,760,0.877285,17.611604,18.568218,0.100000,22.970285,10,0,0
DTLA,2024-10-29,818,0.873033,16.948479,16.496478,0.000000,23.586184,10,1,0
DTLA,2024-10-30,959,0.737835,19.165097,16.290500,0.000000,14.292725,10,2,0
DTLA,2024-10-31,812,0.994712,21.585875,16.211334,0.000000,17.460928,10,3,0
DTLA,2024-11-01,1118,0.965526,22.036741,16.120391,0.000000,17.477621,11,4,0
DTLA,2024-11-02,595,0.806958,22.982316,15.246750,0.200000,20.381372,11,5,1
DTLA,2024-11-03,631,0.960744,21.516856,17.816044,0.000000,26.988598,11,6,1
DTLA,2024-11-04,787,0.706860,19.683066,15.889957,0.000000,15.941944,11,0,0
DTLA,2024-11-05,855,0.720812,19.741502,16.780083,0.000000,13.538345,11,1,0
DTLA,2024-11-06,672,0.837435,32.367971,17.178000,0.000000,13.184308,11,2,0
DTLA,2024-11-07,785,0.713194,16.182496,14.433435,0.000000,17.468348,11,3,0
DTLA,2024-11-08,718,0.778760,18.548432,16.253000,0.000000,17.750774,11,4,0
DTLA,2024-11-09,802,0.760189,19.771275,17.359250,0.000000,15.315873,11,5,1
DTLA,2024-11-10,741,0.801945,20.399624,17.284250,0.000000,15.210799,11,6,1
DTLA,2024-11-11,592,0.798484,20.927658,14.207546,0.000000,16.199999,11,0,0
DTLA,2024-11-12,791,0.766417,35.560529,14.744667,0.000000,21.863146,11,1,0
DTLA,2024-11-13,809,0.889880,16.736444,16.142584,0.000000,9.906544,11,2,0
DTLA,2024-11-14,842,0.782343,18.039921,16.155084,0.000000,10.583326,11,3,0
DTLA,2024-11-15,831,0.835942,19.341087,14.157167,0.300000,14.248452,11,4,0
DTLA,2024-11-16,817,0.921506,23.764538,12.338417,0.000000,11.594292,11,5,1
DTLA,2024-11-17,653,0.946149,20.849445,12.683435,0.000000,11.486200,11,6,1
DTLA,2024-11-18,719,0.760135,17.565645,13.169667,0.000000,12.313894,11,0,0
DTLA,2024-11-19,728,0.831042,25.269396,13.333435,0.000000,5.232399,11,1,0
DTLA,2024-11-20,754,0.759224,17.142204,14.873834,0.000000,8.574123,11,2,0
DTLA,2024-11-21,769,0.771649,16.437566,15.900917,0.000000,8.287822,11,3,0
DTLA,2024-11-22,730,0.753113,17.596256,14.648652,0.000000,7.168430,11,4,0
DTLA,2024-11-23,623,0.885008,24.357224,11.711333,0.700000,5.068846,11,5,1
DTLA,2024-11-24,627,0.828262,21.038809,14.128000,1.000000,8.893166,11,6,1
DTLA,2024-11-25,674,0.857640,19.361927,14.413417,0.000000,3.563818,11,0,0
DTLA,2024-11-26,595,0.736266,19.648075,15.532167,0.100000,4.510787,11,1,0
DTLA,2024-11-27,656,0.914879,21.442136,16.444305,0.000000,9.396276,11,2,0
DTLA,2024-11-28,417,1.021447,27.916360,16.391637,0.000000,6.608722,11,3,0
DTLA,2024-11-29,502,0.825181,19.348564,14.876913,0.000000,5.652114,11,4,0
DTLA,2024-11-30,567,0.900762,23.729388,16.609522,0.000000,4.514377,11,5,1
DTLA,2024-12-01,536,0.792599,16.956469,16.998834,0.000000,7.519175,12,6,1
DTLA,2024-12-02,621,0.757712,17.509580,15.496750,0.000000,3.780000,12,0,0
DTLA,2024-12-03,719,0.776304,16.155594,15.009522,0.000000,6.299999,12,1,0
DTLA,2024-12-04,657,0.785295,17.836073,13.453000,0.000000,4.044997,12,2,0
DTLA,2024-12-05,594,0.836220,16.115905,12.700917,0.000000,5.004518,12,3,0
DTLA,2024-12-06,607,0.867140,17.689458,14.237783,0.000000,5.043213,12,4,0
DTLA,2024-12-07,615,0.916704,17.535948,15.728000,0.000000,4.896529,12,5,1
DTLA,2024-12-08,545,0.858377,19.465566,14.344667,0.000000,8.019601,12,6,1
DTLA,2024-12-09,592,0.755317,15.650353,12.982546,0.000000,6.261310,12,0,0
DTLA,2024-12-10,598,0.772212,16.116312,12.289364,0.000000,6.623413,12,1,0
DTLA,2024-12-11,657,0.763504,15.822187,13.296182,0.000000,6.432324,12,2,0
DTLA,2024-12-12,615,0.803698,19.443135,11.419667,0.400000,6.489992,12,3,0
DTLA,2024-12-13,592,0.786103,18.749819,12.039364,0.000000,7.388775,12,4,0
DTLA,2024-12-14,578,0.876233,19.581476,12.803000,0.000000,9.927780,12,5,1
DTLA,2024-12-15,499,0.828238,23.937710,11.432167,0.000000,6.240577,12,6,1
DTLA,2024-12-16,527,0.796491,20.838861,13.620392,0.000000,7.452086,12,0,0
DTLA,2024-12-17,654,0.760318,16.392899,14.874739,0.000000,7.421590,12,1,0
DTLA,2024-12-18,708,0.829425,17.604377,17.546478,0.000000,5.269422,12,2,0
DTLA,2024-12-19,642,0.768283,17.231109,16.248834,0.000000,3.964089,12,3,0
DTLA,2024-12-20,520,0.780015,19.937745,13.431261,0.000000,7.814985,12,4,0
DTLA,2024-12-21,506,0.735591,20.558678,12.136333,0.000000,7.790071,12,5,1
DTLA,2024-12-22,499,0.705380,24.437973,14.128000,0.000000,6.775751,12,6,1
DTLA,2024-12-23,490,0.920754,16.260172,14.175727,0.000000,6.185822,12,0,0
DTLA,2024-12-24,322,0.707396,21.542573,13.316637,0.100000,17.877180,12,1,0
DTLA,2024-12-25,242,0.700132,18.961152,12.894667,0.000000,21.782974,12,2,0
DTLA,2024-12-26,423,0.646149,19.554135,12.726810,0.000000,8.613709,12,3,0
DTLA,2024-12-27,487,0.827109,26.097672,11.753000,0.000000,8.731391,12,4,0
DTLA,2024-12-28,401,0.916975,29.941728,11.703000,0.000000,4.589118,12,5,1
DTLA,2024-12-29,410,0.861398,18.528824,11.718217,0.000000,6.156947,12,6,1
DTLA,2024-12-30,422,0.821732,20.281014,12.438714,0.000000,6.369050,12,0,0
DTLA,2024-12-31,428,0.704985,37.555045,11.557348,0.000000,4.913044,12,1,0
DTLA,2025-01-01,399,0.875952,28.997498,12.984250,0.000000,3.885665,1,2,0
DTLA,2025-01-02,523,0.691199,18.245829,16.068909,0.000000,3.438895,1,3,0
DTLA,2025-01-03,466,0.684683,20.778994,13.372565,0.000000,9.292255,1,4,0
DTLA,2025-01-04,489,0.839561,24.543151,11.723834,0.000000,10.182337,1,5,1
DTLA,2025-01-05,517,0.844822,29.224608,14.094667,0.000000,5.191994,1,6,1
DTLA,2025-01-06,588,0.682965,23.726073,15.103000,0.000000,6.330782,1,0,0
DTLA,2025-01-07,646,0.721731,18.237738,15.457348,0.000000,29.335579,1,1,0
DTLA,2025-01-08,391,0.628270,18.369671,16.528000,0.000000,23.395153,1,2,0
DTLA,2025-01-09,357,0.708462,16.480501,13.933435,0.000000,12.889810,1,3,0
DTLA,2025-01-10,348,0.706847,20.782207,12.771750,0.000000,7.872814,1,4,0
DTLA,2025-01-11,395,0.945113,20.962952,13.612091,0.000000,10.897063,1,5,1
DTLA,2025-01-12,448,0.787244,18.735150,11.990500,0.000000,11.236671,1,6,1
DTLA,2025-01-13,468,0.779052,15.592256,11.500826,0.000000,8.027677,1,0,0
DTLA,2025-01-14,535,0.903499,28.375610,10.200917,0.000000,10.948973,1,1,0
DTLA,2025-01-15,562,0.810302,16.418346,12.776810,0.000000,4.889908,1,2,0
DTLA,2025-01-16,566,0.835015,18.418644,11.698652,0.000000,10.601679,1,3,0
DTLA,2025-01-17,591,0.968057,21.276957,11.255174,0.000000,7.742093,1,4,0
DTLA,2025-01-18,608,0.799070,18.927610,11.323834,0.000000,9.396275,1,5,1
DTLA,2025-01-19,475,0.689571,22.470675,10.900619,0.000000,8.613710,1,6,1
DTLA,2025-01-20,559,0.976329,25.238970,12.628000,0.000000,9.044888,1,0,0
DTLA,2025-01-21,745,0.758091,18.389158,11.663870,0.000000,7.748368,1,1,0
DTLA,2025-01-22,718,0.949310,18.335140,14.386333,0.000000,8.452336,1,2,0
DTLA,2025-01-23,715,0.753450,16.162019,15.103000,0.000000,9.546790,1,3,0
DTLA,2025-01-24,685,0.837765,19.877250,14.224739,0.000000,9.199390,1,4,0
DTLA,2025-01-25,583,0.959064,24.868193,11.840500,2.800000,16.454994,1,5,1
DTLA,2025-01-26,291,0.912524,23.653733,9.792131,15.300000,13.339445,1,6,1
DTLA,2025-01-27,550,0.872529,15.724464,9.184818,0.100000,11.700000,1,0,0
DTLA,2025-01-28,701,0.818658,15.144473,9.376913,0.000000,7.434676,1,1,0
DTLA,2025-01-29,690,0.821738,15.676858,9.992583,0.000000,8.827344,1,2,0
DTLA,2025-01-30,604,0.732346,14.466087,10.192131,0.000000,8.431228,1,3,0
DTLA,2025-01-31,618,0.806819,24.807441,10.300826,0.000000,8.436990,1,4,0
DTLA,2025-02-01,582,0.852082,32.096242,12.834250,0.000000,7.344794,2,5,1
DTLA,2025-02-02,531,0.926674,19.751334,15.026913,0.000000,6.502461,2,6,1
DTLA,2025-02-03,628,0.794318,15.557715,13.313417,0.000000,9.085988,2,0,0
DTLA,2025-02-04,639,0.817904,17.873223,12.796750,0.300000,10.879210,2,1,0
DTLA,2025-02-05,443,0.772141,26.507398,13.539957,6.300000,10.483357,2,2,0
DTLA,2025-02-06,419,0.738780,14.041369,14.548834,9.900000,13.985663,2,3,0
DTLA,2025-02-07,503,0.770806,15.575667,13.838714,8.400000,11.892265,2,4,0
DTLA,2025-02-08,631,0.819491,20.010262,11.355174,0.000000,5.257109,2,5,1
DTLA,2025-02-09,524,0.738626,28.323470,12.211334,0.100000,8.987391,2,6,1
DTLA,2025-02-10,613,0.719149,14.329273,11.444304,0.000000,9.432412,2,0,0
DTLA,2025-02-11,630,0.795795,14.152997,11.450826,0.000000,15.951087,2,1,0
DTLA,2025-02-12,425,0.800378,15.700047,10.750917,2.900000,14.275713,2,2,0
DTLA,2025-02-13,179,0.785758,16.588466,13.139957,38.600000,21.273533,2,3,0
DTLA,2025-02-14,668,0.814960,16.816008,13.230273,2.900000,14.045767,2,4,0
DTLA,2025-02-15,716,0.787156,24.191336,11.596750,0.000000,10.692969,2,5,1
DTLA,2025-02-16,601,0.781370,19.086067,14.120392,0.000000,4.293669,2,6,1
DTLA,2025-02-17,530,0.976600,22.798295,13.486334,0.000000,7.029225,2,0,0
DTLA,2025-02-18,632,0.920948,21.243810,12.034250,0.000000,7.486788,2,1,0
DTLA,2025-02-19,766,0.829168,14.089077,13.644305,0.000000,5.854844,2,2,0
DTLA,2025-02-20,682,0.860982,14.359638,13.926913,0.000000,6.842368,2,3,0
DTLA,2025-02-21,647,0.840832,17.508308,14.276913,0.000000,8.089993,2,4,0
DTLA,2025-02-22,531,0.903044,20.444475,14.463417,0.000000,4.693825,2,5,1
DTLA,2025-02-23,790,1.084110,36.495505,15.546750,0.000000,10.341780,2,6,1
DTLA,2025-02-24,698,0.937673,16.131229,16.781261,0.000000,8.482947,2,0,0
DTLA,2025-02-25,735,0.812811,14.684586,15.411696,0.000000,7.657937,2,1,0
DTLA,2025-02-26,721,1.047161,16.629692,15.825917,0.000000,5.743100,2,2,0
DTLA,2025-02-27,745,0.884266,17.075777,16.586334,0.000000,8.019601,2,3,0
DTLA,2025-02-28,679,0.831826,20.304366,15.598652,0.200000,13.690654,2,4,0
DTLA,2025-03-01,554,0.925979,22.243781,13.419667,0.200000,11.996699,3,5,1
DTLA,2025-03-02,455,0.991203,25.391327,12.889957,1.100000,19.721298,3,6,1
DTLA,2025-03-03,517,0.874042,17.386211,12.298652,0.000000,15.053425,3,0,0
DTLA,2025-03-04,644,1.013126,17.373741,13.319667,0.000000,13.971756,3,1,0
DTLA,2025-03-05,282,0.650798,14.388443,11.375728,18.800000,10.855358,3,2,0
DTLA,2025-03-06,391,0.745974,17.517021,9.081261,7.100000,18.037762,3,3,0
DTLA,2025-03-07,680,0.952564,17.623564,10.087783,0.100000,10.837435,3,4,0
DTLA,2025-03-08,583,1.025878,20.800141,11.100826,0.000000,6.391901,3,5,1
DTLA,2025-03-09,549,0.966227,21.378307,13.333435,0.000000,9.648067,3,6,1
DTLA,2025-03-10,634,0.985719,18.200976,14.121750,0.000000,10.993271,3,0,0
DTLA,2025-03-11,522,0.799928,18.305023,12.933435,3.000000,16.507088,3,1,0
DTLA,2025-03-12,471,0.805554,16.160654,13.509818,3.200000,15.536408,3,2,0
DTLA,2025-03-13,608,0.862441,17.566936,10.781261,15.500000,19.778715,3,3,0
DTLA,2025-03-14,435,0.777792,22.113523,8.250727,2.600000,14.288191,3,4,0
DTLA,2025-03-15,589,1.058949,21.784843,11.793909,0.000000,12.962500,3,5,1
DTLA,2025-03-16,639,1.468677,33.069031,12.592584,0.000000,9.139322,3,6,1
DTLA,2025-03-17,496,0.957184,17.580631,12.487783,0.400000,12.232057,3,0,0
DTLA,2025-03-18,616,1.186010,20.104751,12.911696,0.000000,17.419127,3,1,0
DTLA,2025-03-19,645,0.949296,17.085278,15.513870,0.000000,11.503113,3,2,0
DTLA,2025-03-20,608,0.898858,17.895173,17.007546,0.000000,13.920647,3,3,0
DTLA,2025-03-21,677,0.890075,16.497747,16.250917,0.000000,12.287555,3,4,0
DTLA,2025-03-22,542,0.921173,18.760274,17.414364,0.000000,14.450535,3,5,1
DTLA,2025-03-23,503,1.044480,21.086480,16.975917,0.000000,9.354806,3,6,1
DTLA,2025-03-24,549,0.723701,17.393183,19.561696,0.000000,11.837652,3,0,0
DTLA,2025-03-25,616,0.889154,21.048676,17.000917,0.000000,12.855831,3,1,0
DTLA,2025-03-26,613,0.934709,17.927516,14.567583,0.000000,12.481153,3,2,0
DTLA,2025-03-27,639,0.808299,18.235872,15.275728,0.000000,15.435983,3,3,0
DTLA,2025-03-28,644,0.923440,19.212431,16.216044,0.000000,16.997377,3,4,0
DTLA,2025-03-29,602,1.094991,17.316035,15.369667,0.000000,12.708815,3,5,1
DTLA,2025-03-30,521,0.913229,18.097271,14.359522,0.900000,12.534257,3,6,1
DTLA,2025-03-31,520,0.802707,14.023566,15.196750,2.100000,13.681184,3,0,0
DTLA,2025-04-01,663,0.796583,17.512692,13.975916,0.100000,19.738539,4,1,0
DTLA,2025-04-02,680,0.785742,13.963906,13.850826,0.300000,20.044760,4,2,0
DTLA,2025-04-03,632,0.865810,15.838625,13.761696,0.700000,15.472672,4,3,0
DTLA,2025-04-04,731,1.013171,18.202262,14.873833,0.000000,21.645700,4,4,0
DTLA,2025-04-05,599,0.870130,20.859474,18.092583,0.000000,18.745079,4,5,1
DTLA,2025-04-06,1526,1.036852,49.685069,18.657167,0.000000,14.813683,4,6,1
DTLA,2025-04-07,647,0.878212,18.057775,18.738417,0.000000,11.385622,4,0,0
DTLA,2025-04-08,712,0.836500,18.481364,19.257167,0.000000,12.108261,4,1,0
DTLA,2025-04-09,636,0.858985,14.820539,20.546478,0.000000,12.855831,4,2,0
DTLA,2025-04-10,661,0.910766,17.127263,20.273834,0.000000,12.351987,4,3,0
DTLA,2025-04-11,721,0.805254,17.445487,20.617584,0.000000,12.383424,4,4,0
DTLA,2025-04-12,766,0.855092,18.090126,18.125917,0.000000,11.109076,4,5,1
DTLA,2025-04-13,589,0.838885,18.357302,17.071750,0.000000,11.634741,4,6,1
DTLA,2025-04-14,601,0.881374,23.122730,15.638417,0.000000,13.151091,4,0,0
DTLA,2025-04-15,698,0.808681,15.583728,14.732167,0.000000,12.346741,4,1,0
DTLA,2025-04-16,674,0.831663,15.605160,15.105174,0.000000,12.534257,4,2,0
DTLA,2025-04-17,571,0.823750,15.960937,14.670391,0.000000,11.532650,4,3,0
DTLA,2025-04-18,564,1.061555,18.764484,14.721750,0.000000,12.124306,4,4,0
DTLA,2025-04-19,599,0.965769,21.474023,16.257167,0.000000,13.044724,4,5,1
DTLA,2025-04-20,476,1.069204,19.097348,17.521750,0.000000,13.184308,4,6,1
DTLA,2025-04-21,624,0.856175,17.162440,16.659818,0.000000,13.364923,4,0,0
DTLA,2025-04-22,638,0.768183,15.777417,15.561696,0.000000,11.854062,4,1,0
DTLA,2025-04-23,650,0.970733,18.303266,15.628000,0.000000,12.007498,4,2,0
DTLA,2025-04-24,661,0.833709,15.976163,16.312091,0.300000,12.889810,4,3,0
DTLA,2025-04-25,691,0.935647,19.290818,14.730083,0.800000,14.810401,4,4,0
DTLA,2025-04-26,442,1.092700,25.407501,12.770392,6.100000,14.450535,4,5,1
DTLA,2025-04-27,485,0.922391,17.641261,13.146750,0.100000,10.730778,4,6,1
DTLA,2025-04-28,528,0.784153,15.754062,15.491096,0.000000,12.791403,4,0,0
DTLA,2025-04-29,648,0.822364,18.610787,17.895106,0.000000,13.330940,4,1,0
DTLA,2025-04-30,597,0.824039,14.517907,16.692131,0.000000,12.819235,4,2,0
DTLA,2025-05-01,778,0.821412,16.730122,16.479087,0.000000,13.004922,5,3,0
DTLA,2025-05-02,707,0.993242,17.057419,16.788417,0.000000,10.879210,5,4,0
DTLA,2025-05-03,599,0.802039,18.954649,16.786334,0.000000,13.633737,5,5,1
DTLA,2025-05-04,636,0.896551,18.838375,16.250826,0.300000,10.703569,5,6,1
DTLA,2025-05-05,615,0.888503,20.305594,17.082167,0.100000,11.923557,5,0,0
DTLA,2025-05-06,643,0.850940,26.890973,16.789957,0.400000,10.195057,5,1,0
DTLA,2025-05-07,822,0.791701,15.048420,18.268217,0.000000,11.435313,5,2,0
DTLA,2025-05-08,745,0.873232,16.965784,20.180084,0.000000,11.304229,5,3,0
DTLA,2025-05-09,702,0.889024,18.509176,25.496750,0.000000,12.976239,5,4,0
DTLA,2025-05-10,621,1.111537,19.725593,27.744666,0.000000,14.133152,5,5,1
DTLA,2025-05-11,641,0.990175,30.680516,25.446750,0.000000,12.904882,5,6,1
DTLA,2025-05-12,723,0.835100,15.803535,18.750917,0.000000,13.681184,5,0,0
DTLA,2025-05-13,853,0.908804,19.550467,18.079191,0.000000,12.475961,5,1,0
DTLA,2025-05-14,685,0.890532,16.066140,17.717583,0.000000,14.764390,5,2,0
DTLA,2025-05-15,818,0.941391,17.466087,18.407167,0.000000,12.932471,5,3,0
DTLA,2025-05-16,834,0.965797,16.480566,17.678000,0.000000,12.616702,5,4,0
DTLA,2025-05-17,694,1.007389,18.767689,16.332167,0.700000,11.712454,5,5,1
DTLA,2025-05-18,911,1.066357,24.463674,17.565500,0.000000,18.244045,5,6,1
DTLA,2025-05-19,819,0.854761,17.133933,20.316637,0.000000,11.918120,5,0,0
DTLA,2025-05-20,847,0.762804,19.284613,23.529088,0.000000,11.975074,5,1,0
DTLA,2025-05-21,747,0.942760,15.614043,23.920391,0.000000,14.766584,5,2,0
DTLA,2025-05-22,782,0.811786,19.642599,22.167584,0.000000,11.466438,5,3,0
DTLA,2025-05-23,747,0.919241,24.444389,19.736334,0.000000,11.766273,5,4,0
DTLA,2025-05-24,798,1.245553,22.902740,19.215500,0.000000,11.843124,5,5,1
DTLA,2025-05-25,649,1.038619,27.280122,18.771750,0.000000,12.348051,5,6,1
DTLA,2025-05-26,709,1.143302,28.310048,19.003000,0.000000,12.136325,5,0,0
DTLA,2025-05-27,724,0.709784,17.000850,19.400917,0.000000,14.257545,5,1,0
DTLA,2025-05-28,800,0.955691,19.954008,18.812091,0.000000,15.589497,5,2,0
DTLA,2025-05-29,834,0.965633,20.736500,19.965500,0.000000,11.808878,5,3,0
DTLA,2025-05-30,747,0.872141,24.122805,23.275917,0.000000,11.792404,5,4,0
DTLA,2025-05-31,699,0.874773,22.891663,23.446478,0.000000,13.552696,5,5,1
DTLA,2025-06-01,670,0.939722,19.851929,22.023834,0.000000,14.766584,6,6,1
DTLA,2025-06-02,746,0.824682,17.679806,19.925917,0.000000,12.932471,6,0,0
DTLA,2025-06-03,668,0.752231,22.040856,18.375917,4.600000,12.140329,6,1,0
DTLA,2025-06-04,778,0.797035,23.705833,17.698834,0.000000,12.007498,6,2,0
DTLA,2025-06-05,753,0.881474,17.368148,18.180084,0.000000,12.145665,6,3,0
DTLA,2025-06-06,869,0.863110,19.688875,18.546750,0.000000,13.413321,6,4,0
DTLA,2025-06-07,694,1.138659,19.867868,18.711333,0.000000,12.768586,6,5,1
DTLA,2025-06-08,721,0.993174,23.108435,18.255084,0.000000,10.946013,6,6,1
DTLA,2025-06-09,730,0.864328,18.225441,19.411334,0.000000,11.085720,6,0,0
DTLA,2025-06-10,668,0.784215,17.572692,19.903000,0.000000,12.261157,6,1,0
DTLA,2025-06-11,708,0.858281,20.985772,20.828000,0.000000,12.092196,6,2,0
DTLA,2025-06-12,636,0.861501,16.335416,20.438417,0.000000,11.700000,6,3,0
DTLA,2025-06-13,734,0.927933,19.235477,20.215500,0.000000,12.399113,6,4,0
DTLA,2025-06-14,897,0.979276,22.471337,21.515500,0.000000,12.819235,6,5,1
DTLA,2025-06-15,595,0.883337,20.399471,23.373833,0.000000,12.108261,6,6,1
DTLA,2025-06-16,579,0.835927,17.453551,24.170391,0.000000,10.957846,6,0,0
DTLA,2025-06-17,646,0.871617,20.345266,24.455083,0.000000,12.108261,6,1,0
DTLA,2025-06-18,743,0.817938,17.094889,24.900727,0.000000,13.004922,6,2,0
DTLA,2025-06-19,709,0.857716,20.571269,21.317583,0.000000,12.931218,6,3,0
DTLA,2025-06-20,677,1.013265,20.807366,20.663417,0.000000,11.855429,6,4,0
DTLA,2025-06-21,563,0.920372,20.476107,20.142584,0.000000,13.140000,6,5,1
DTLA,2025-06-22,674,1.048122,21.808779,20.800917,0.000000,14.428097,6,6,1
DTLA,2025-06-23,635,0.867657,15.183949,20.737783,0.000000,11.734564,6,0,0
DTLA,2025-06-24,653,0.914767,17.218434,19.518218,0.000000,13.324863,6,1,0
DTLA,2025-06-25,644,0.770857,16.420233,20.937091,0.000000,12.860870,6,2,0
DTLA,2025-06-26,678,0.775209,19.704965,20.909250,0.000000,12.399113,6,3,0
DTLA,2025-06-27,658,0.962840,19.200871,21.765500,0.000000,12.906138,6,4,0
DTLA,2025-06-28,602,1.062464,21.264847,22.375917,0.000000,12.538134,6,5,1
DTLA,2025-06-29,606,0.967497,17.800013,22.134250,0.000000,12.108261,6,6,1
DTLA,2025-06-30,690,0.885035,16.514868,21.776913,0.000000,14.264361,6,0,0
DTLA,2025-07-01,761,0.923620,27.879270,20.653000,0.000000,11.808878,7,1,0
DTLA,2025-07-02,638,0.915895,18.574558,20.121750,0.000000,12.606426,7,2,0
DTLA,2025-07-03,756,0.871445,16.429361,21.287783,0.000000,11.566313,7,3,0
DTLA,2025-07-04,696,1.071329,22.303431,22.175917,0.000000,12.362475,7,4,0
DTLA,2025-07-05,709,0.942835,22.154159,23.281261,0.000000,12.124306,7,5,1
DTLA,2025-07-06,643,0.771438,21.133123,22.461696,0.000000,12.284918,7,6,1
DTLA,2025-07-07,682,0.911114,22.570336,21.439957,0.000000,11.599879,7,0,0
DTLA,2025-07-08,799,0.858233,17.234033,23.162091,0.000000,12.819235,7,1,0
DTLA,2025-07-09,732,0.765622,15.233272,24.288417,0.000000,12.218805,7,2,0
DTLA,2025-07-10,751,0.838516,16.737181,24.588417,0.000000,12.108261,7,3,0
DTLA,2025-07-11,698,0.872960,16.874386,22.413417,0.000000,10.483357,7,4,0
DTLA,2025-07-12,621,0.916563,25.760627,21.494667,0.000000,11.132385,7,5,1
DTLA,2025-07-13,635,1.003238,28.297542,20.794667,0.000000,11.843124,7,6,1
DTLA,2025-07-14,653,0.767133,18.455338,20.696750,0.000000,13.004922,7,0,0
DTLA,2025-07-15,725,0.831364,18.862742,21.079087,0.000000,11.298495,7,1,0
DTLA,2025-07-16,708,0.897366,21.024089,21.307167,0.000000,11.391313,7,2,0
DTLA,2025-07-17,672,0.947328,17.239269,21.929087,0.000000,12.601285,7,3,0
DTLA,2025-07-18,656,0.872671,20.439220,22.176913,0.000000,12.362475,7,4,0
DTLA,2025-07-19,610,0.960060,19.351215,21.767584,0.000000,12.688404,7,5,1
DTLA,2025-07-20,639,0.962649,19.470414,21.650916,0.000000,11.989946,7,6,1
DTLA,2025-07-21,649,0.911051,17.741916,21.596750,0.000000,10.985900,7,0,0
DTLA,2025-07-22,662,0.865319,16.266182,21.548834,0.200000,12.108261,7,1,0
DTLA,2025-07-23,689,0.909959,20.201996,21.909522,0.000000,12.768586,7,2,0
DTLA,2025-07-24,604,0.830153,20.838895,21.425917,0.000000,13.159710,7,3,0
DTLA,2025-07-25,615,0.878721,23.295537,20.561334,0.000000,13.619472,7,4,0
DTLA,2025-07-26,632,0.958045,22.215079,20.521750,0.000000,11.414043,7,5,1
DTLA,2025-07-27,573,0.986625,21.889875,21.009250,0.000000,12.708815,7,6,1
DTLA,2025-07-28,577,0.868723,17.348311,20.798834,0.000000,12.601285,7,0,0
DTLA,2025-07-29,742,0.968940,16.310686,21.209250,0.000000,14.275713,7,1,0
DTLA,2025-07-30,759,0.837787,17.904257,22.723455,0.000000,12.261157,7,2,0
DTLA,2025-07-31,688,0.906901,17.432347,22.786334,0.000000,11.808878,7,3,0
DTLA,2025-08-01,619,0.855206,19.813516,22.229087,0.000000,11.808878,8,4,0
DTLA,2025-08-02,579,0.998404,20.074975,22.082167,0.000000,11.328566,8,5,1
DTLA,2025-08-03,574,0.956656,20.608942,22.713416,0.000000,11.844492,8,6,1
DTLA,2025-08-04,551,0.827631,18.037837,23.055084,0.000000,9.807935,8,0,0
DTLA,2025-08-05,683,0.851825,18.767780,24.266043,0.000000,12.606426,8,1,0
DTLA,2025-08-06,631,0.756791,19.326956,25.903000,0.000000,10.626099,8,2,0
DTLA,2025-08-07,577,0.886000,17.369560,26.269666,0.000000,13.633737,8,3,0
DTLA,2025-08-08,586,0.868388,22.793174,25.375727,0.000000,11.753876,8,4,0
DTLA,2025-08-09,577,0.934391,17.931632,22.972566,0.000000,11.837651,8,5,1
DTLA,2025-08-10,534,1.049106,25.511511,22.920392,0.000000,12.241323,8,6,1
DTLA,2025-08-11,613,0.858360,17.822685,24.120391,0.000000,11.352850,8,0,0
DTLA,2025-08-12,627,0.783526,28.571234,23.292583,0.000000,10.874742,8,1,0
DTLA,2025-08-13,640,0.892228,21.102802,22.390500,0.000000,10.993271,8,2,0
DTLA,2025-08-14,639,0.812453,18.473023,21.642584,0.000000,11.952054,8,3,0
DTLA,2025-08-15,711,0.825420,20.515241,22.066044,0.000000,9.860649,8,4,0
DTLA,2025-08-16,707,0.886012,18.229449,21.600917,0.000000,12.616702,8,5,1
DTLA,2025-08-17,548,1.234107,26.119622,22.288417,0.000000,13.259049,8,6,1
DTLA,2025-08-18,563,0.813550,33.046047,23.463417,0.000000,13.110376,8,0,0
DTLA,2025-08-19,696,0.785215,15.885149,24.764905,0.000000,12.860870,8,1,0
DTLA,2025-08-20,668,0.751770,17.137288,25.913416,0.000000,12.229406,8,2,0
DTLA,2025-08-21,690,0.852782,24.050552,27.473833,0.000000,12.108261,8,3,0
DTLA,2025-08-22,609,0.752176,18.583212,28.031260,0.000000,14.142320,8,4,0
DTLA,2025-08-23,556,0.850999,22.970925,27.071750,0.000000,13.501200,8,5,1
DTLA,2025-08-24,567,0.945076,20.325521,26.726913,0.000000,13.364923,8,6,1
DTLA,2025-08-25,683,0.741747,15.378301,25.637783,0.000000,12.852050,8,0,0
DTLA,2025-08-26,741,0.791802,15.315759,24.061696,0.000000,12.456468,8,1,0
DTLA,2025-08-27,629,0.739873,16.042871,24.670392,0.000000,13.878688,8,2,0
DTLA,2025-08-28,700,0.778028,18.260164,25.184250,0.000000,12.534257,8,3,0
DTLA,2025-08-29,576,0.779848,42.350726,26.207348,0.000000,14.275713,8,4,0
DTLA,2025-08-30,534,0.893132,18.987838,26.269667,0.000000,14.957339,8,5,1
DTLA,2025-08-31,456,0.878086,19.840641,26.042583,0.000000,13.729647,8,6,1
DTLA,2025-09-01,540,1.021669,19.266675,25.605083,0.000000,14.003028,9,0,0
DTLA,2025-09-02,688,0.924140,19.502194,27.090499,0.000000,14.113652,9,1,0
DTLA,2025-09-03,718,0.969187,27.346763,27.184250,0.000000,13.748513,9,2,0
DTLA,2025-09-04,676,0.890266,15.685587,25.494667,0.000000,13.356437,9,3,0
DTLA,2025-09-05,734,0.871312,17.761660,23.719667,0.000000,10.819482,9,4,0
DTLA,2025-09-06,642,1.024486,23.036576,23.990500,0.000000,11.074023,9,5,1
DTLA,2025-09-07,676,0.940086,21.812117,25.707347,0.000000,12.039833,9,6,1
DTLA,2025-09-08,718,0.988066,18.116787,23.973833,0.000000,11.988594,9,0,0
DTLA,2025-09-09,795,0.774540,24.188604,22.322566,0.000000,11.328566,9,1,0
DTLA,2025-09-10,664,0.871963,14.650968,22.280273,0.000000,12.475961,9,2,0
DTLA,2025-09-11,684,0.926117,13.890842,22.037783,0.000000,11.931705,9,3,0
DTLA,2025-09-12,683,0.805862,19.775784,22.071750,0.000000,13.624228,9,4,0
DTLA,2025-09-13,716,0.836986,27.057075,22.009250,0.000000,13.044722,9,5,1
DTLA,2025-09-14,774,1.025255,36.713419,22.169667,0.000000,12.351987,9,6,1
DTLA,2025-09-15,742,0.802621,16.123575,23.800916,0.000000,11.592894,9,0,0
DTLA,2025-09-16,800,0.940223,19.689045,25.557348,0.000000,10.838930,9,1,0
DTLA,2025-09-17,819,0.791794,15.895479,25.386333,0.000000,14.512064,9,2,0
DTLA,2025-09-18,738,0.715527,15.646259,23.046750,24.600000,8.936778,9,3,0
DTLA,2025-09-19,824,0.741219,16.620840,22.607167,0.600000,11.500296,9,4,0
DTLA,2025-09-20,799,0.904650,19.871794,21.655083,0.000000,9.984729,9,5,1
DTLA,2025-09-21,657,0.964166,22.697684,21.207167,0.000000,7.240386,9,6,1
North Hollywood,2024-09-23,10,0.406195,23.700000,25.548000,0.000000,10.105681,9,0,0
North Hollywood,2024-09-24,12,0.608764,10.261905,21.989429,0.000000,9.028754,9,1,0
North Hollywood,2024-09-25,16,0.955128,24.027778,22.501334,0.000000,10.449306,9,2,0
North Hollywood,2024-09-26,5,1.059396,10.400000,18.798000,0.000000,7.204498,9,3,0
North Hollywood,2024-09-27,15,0.614102,25.750000,21.718000,0.000000,9.756598,9,4,0
North Hollywood,2024-09-28,20,1.093000,80.013889,22.851334,0.000000,10.435344,9,5,1
North Hollywood,2024-09-29,10,0.238965,36.476190,25.868000,0.000000,13.055896,9,6,1
North Hollywood,2024-09-30,9,0.460213,50.750000,27.676333,0.000000,10.062305,9,0,0
North Hollywood,2024-10-01,15,0.687219,19.500000,27.473555,0.000000,10.031670,10,1,0
North Hollywood,2024-10-02,11,1.016832,16.200000,30.412999,0.000000,11.726277,10,2,0
North Hollywood,2024-10-03,15,0.808054,11.342857,27.410857,0.000000,9.885262,10,3,0
North Hollywood,2024-10-04,17,0.831897,15.101852,28.118000,0.000000,10.416698,10,4,0
North Hollywood,2024-10-05,12,0.732118,24.481481,28.040222,0.000000,11.090103,10,5,1
North Hollywood,2024-10-06,16,0.396274,25.991667,29.049250,0.000000,9.052050,10,6,1
North Hollywood,2024-10-07,9,1.012932,17.222222,26.656889,0.000000,11.612441,10,0,0
North Hollywood,2024-10-08,13,0.864360,11.729167,27.105500,0.000000,10.814989,10,1,0
North Hollywood,2024-10-09,12,0.930420,19.462963,25.673556,0.000000,10.158444,10,2,0
North Hollywood,2024-10-10,10,1.037914,42.000000,24.186750,0.000000,11.570515,10,3,0
North Hollywood,2024-10-11,11,0.596166,41.666667,27.945778,0.000000,13.414530,10,4,0
North Hollywood,2024-10-12,15,1.323229,28.166667,25.545778,0.000000,11.003581,10,5,1
North Hollywood,2024-10-13,13,1.304451,60.250000,23.986750,0.000000,11.126562,10,6,1
North Hollywood,2024-10-14,10,0.721321,28.937500,19.886751,0.000000,9.473541,10,0,0
North Hollywood,2024-10-15,11,0.536904,75.100000,19.108000,0.000000,9.526405,10,1,0
North Hollywood,2024-10-16,17,0.539659,22.795455,18.190728,0.200000,9.926147,10,2,0
North Hollywood,2024-10-17,6,0.903244,38.833333,19.868001,0.000000,14.058450,10,3,0
North Hollywood,2024-10-18,16,2.219331,41.666667,23.079111,0.000000,23.899364,10,4,0
North Hollywood,2024-10-19,8,1.809372,120.100000,24.408001,0.000000,15.287288,10,5,1
North Hollywood,2024-10-20,21,0.410733,38.900000,24.683001,0.000000,11.897714,10,6,1
North Hollywood,2024-10-21,10,0.732273,87.444444,27.493000,0.000000,12.601285,10,0,0
North Hollywood,2024-10-22,16,1.251491,11.083333,25.105500,0.000000,8.880405,10,1,0
North Hollywood,2024-10-23,13,1.244299,15.000000,24.333001,0.000000,8.936778,10,2,0
North Hollywood,2024-10-24,12,0.643694,70.444444,22.834667,0.000000,11.183201,10,3,0
North Hollywood,2024-10-25,12,0.540482,31.850000,23.148000,0.000000,9.997699,10,4,0
North Hollywood,2024-10-26,3,0.302358,48.333333,30.534667,0.000000,7.555712,10,5,1
North Hollywood,2024-10-27,15,0.222115,68.291667,24.618000,0.000000,9.997700,10,6,1
North Hollywood,2024-10-28,4,0.441972,63.666667,16.968001,0.200000,13.775586,10,0,0
North Hollywood,2024-10-29,8,0.757883,16.833333,15.934667,0.000000,31.079075,10,1,0
North Hollywood,2024-10-30,10,0.530587,19.666667,17.118000,0.000000,9.360000,10,2,0
North Hollywood,2024-10-31,13,0.622159,66.000000,17.843000,0.000000,13.803782,10,3,0
North Hollywood,2024-11-01,9,0.984656,26.687500,17.843000,0.000000,9.531505,11,4,0
North Hollywood,2024-11-02,10,0.868808,43.611111,16.145778,0.000000,12.241323,11,5,1
North Hollywood,2024-11-03,8,0.430783,93.833333,19.818000,0.000000,22.871334,11,6,1
North Hollywood,2024-11-04,9,0.186187,82.142857,19.225143,0.000000,15.380260,11,0,0
North Hollywood,2024-11-05,7,0.975441,19.571429,19.360858,0.000000,10.081606,11,1,0
North Hollywood,2024-11-06,9,0.729785,131.785714,16.260857,0.000000,40.172676,11,2,0
North Hollywood,2024-11-07,3,0.545034,141.250000,17.468001,0.000000,16.748707,11,3,0
North Hollywood,2024-11-08,13,0.595611,19.312500,16.536750,0.000000,7.594207,11,4,0
North Hollywood,2024-11-09,3,1.114649,24.250000,21.768000,0.000000,7.229191,11,5,1
North Hollywood,2024-11-10,4,0.451294,36.166667,20.218000,0.000000,9.459852,11,6,1
North Hollywood,2024-11-11,9,0.493568,22.000000,18.559667,0.000000,13.350371,11,0,0
North Hollywood,2024-11-12,3,0.768467,19.666667,18.201334,0.000000,19.121557,11,1,0
North Hollywood,2024-11-13,12,0.797807,9.037037,17.006889,0.000000,10.914888,11,2,0
North Hollywood,2024-11-14,11,0.695334,13.714286,14.589429,0.000000,8.027678,11,3,0
North Hollywood,2024-11-15,10,0.077051,84.714286,14.232286,0.300000,18.252037,11,4,0
North Hollywood,2024-11-16,14,1.006960,29.777778,14.862445,0.000000,16.478603,11,5,1
North Hollywood,2024-11-17,7,0.713312,108.428571,18.189429,0.000000,11.659777,11,6,1
North Hollywood,2024-11-18,13,0.516770,30.444444,15.006889,0.000000,22.392462,11,0,0
North Hollywood,2024-11-19,9,0.483259,63.666667,16.326334,0.000000,8.049845,11,1,0
North Hollywood,2024-11-20,7,2.018169,41.083333,15.026334,0.000000,10.742848,11,2,0
North Hollywood,2024-11-21,7,0.980133,41.187500,21.168000,0.000000,4.323748,11,3,0
North Hollywood,2024-11-22,4,1.600054,38.000000,20.751334,0.000000,5.020677,11,4,0
North Hollywood,2024-11-23,6,0.627639,42.833333,13.618000,0.300000,2.346913,11,5,1
North Hollywood,2024-11-24,5,0.341222,127.750000,16.293000,0.100000,10.308830,11,6,1
North Hollywood,2024-11-25,7,2.344887,95.857143,14.910857,0.000000,2.794351,11,0,0
North Hollywood,2024-11-26,4,0.367582,10.833333,15.018001,0.100000,3.545589,11,1,0
North Hollywood,2024-11-27,10,0.581484,44.000000,16.976333,0.000000,8.260411,11,2,0
North Hollywood,2024-11-28,14,0.938624,105.572222,17.609667,0.000000,10.957847,11,3,0
North Hollywood,2024-11-29,5,0.664458,49.333333,20.318001,0.000000,8.836514,11,4,0
North Hollywood,2024-11-30,9,0.669446,32.400000,19.998000,0.000000,8.461915,11,5,1
North Hollywood,2024-12-01,13,1.748333,90.916667,20.390223,0.000000,8.107996,12,6,1
North Hollywood,2024-12-02,5,0.772795,31.400000,16.918000,0.000000,6.842368,12,0,0
North Hollywood,2024-12-03,8,0.872964,13.750000,14.705500,0.000000,7.010763,12,1,0
North Hollywood,2024-12-04,4,0.556063,16.750000,12.855500,0.000000,6.746999,12,2,0
North Hollywood,2024-12-05,12,0.654137,17.100000,16.988000,0.000000,6.662432,12,3,0
North Hollywood,2024-12-06,11,0.687035,22.944444,24.543000,0.000000,10.589448,12,4,0
North Hollywood,2024-12-07,14,0.474231,45.404762,22.618000,0.000000,9.361730,12,5,1
North Hollywood,2024-12-08,18,0.515867,135.366667,19.076334,0.000000,8.049845,12,6,1
North Hollywood,2024-12-09,6,0.846796,24.833333,15.276334,0.000000,10.308831,12,0,0
North Hollywood,2024-12-10,7,0.921942,11.250000,16.759667,0.000000,14.689589,12,1,0
North Hollywood,2024-12-11,8,0.680305,17.357143,15.760857,0.000000,10.662626,12,2,0
North Hollywood,2024-12-12,11,0.802749,12.041667,13.409667,0.000000,9.676570,12,3,0
North Hollywood,2024-12-13,7,0.751647,21.428571,12.675143,0.000000,6.432324,12,4,0
North Hollywood,2024-12-14,10,0.528146,29.625000,14.349250,0.000000,8.197414,12,5,1
North Hollywood,2024-12-15,4,0.612598,36.000000,14.701333,0.000000,5.983477,12,6,1
North Hollywood,2024-12-16,9,0.494259,18.133333,18.158000,0.000000,9.144637,12,0,0
North Hollywood,2024-12-17,6,2.670889,46.000000,20.868000,0.000000,18.678415,12,1,0
North Hollywood,2024-12-18,11,0.589711,54.055556,25.223556,0.000000,6.778141,12,2,0
North Hollywood,2024-12-19,8,0.591142,50.125000,20.643000,0.000000,9.087772,12,3,0
North Hollywood,2024-12-20,8,1.132152,24.055556,18.043000,0.000000,6.120000,12,4,0
North Hollywood,2024-12-21,10,0.887374,38.642857,18.303714,0.000000,6.502460,12,5,1
North Hollywood,2024-12-22,4,0.325984,28.250000,16.555500,0.000000,5.896202,12,6,1
North Hollywood,2024-12-23,7,0.552735,20.933333,15.918000,0.000000,5.920878,12,0,0
North Hollywood,2024-12-24,5,0.647051,26.125000,14.380501,0.100000,22.033648,12,1,0
North Hollywood,2024-12-25,8,0.583356,22.900000,14.588000,0.000000,12.872201,12,2,0
North Hollywood,2024-12-26,8,0.855402,24.083333,17.501334,0.000000,9.746631,12,3,0
North Hollywood,2024-12-27,12,0.646130,50.388889,12.318001,0.000000,5.486310,12,4,0
North Hollywood,2024-12-28,14,0.734724,49.900000,14.758000,0.000000,7.568566,12,5,1
North Hollywood,2024-12-29,7,0.345924,39.200000,14.588000,0.000000,5.762812,12,6,1
North Hollywood,2024-12-30,16,1.049288,15.825000,14.443000,0.000000,9.001800,12,0,0
North Hollywood,2024-12-31,7,0.446773,27.125000,12.930500,0.000000,6.877790,12,1,0
North Hollywood,2025-01-01,15,0.569207,42.033333,17.058000,0.000000,8.171683,1,2,0
North Hollywood,2025-01-02,6,0.548753,11.166667,18.618000,0.000000,11.052058,1,3,0
North Hollywood,2025-01-03,5,0.925387,13.000000,13.958001,0.000000,5.717657,1,4,0
North Hollywood,2025-01-04,12,0.766528,36.142857,16.382286,0.000000,23.688984,1,5,1
North Hollywood,2025-01-05,9,0.329987,23.071429,18.082286,0.000000,11.700001,1,6,1
North Hollywood,2025-01-06,10,0.288788,18.583333,16.818000,0.000000,8.827344,1,0,0
North Hollywood,2025-01-07,15,0.606451,13.000000,17.299250,0.000000,30.351757,1,1,0
North Hollywood,2025-01-08,10,1.125107,15.611111,16.312445,0.000000,24.269983,1,2,0
North Hollywood,2025-01-09,12,1.227882,101.888889,16.093001,0.000000,12.410866,1,3,0
North Hollywood,2025-01-10,2,1.183261,9.500000,21.043000,0.000000,7.568566,1,4,0
North Hollywood,2025-01-11,6,1.182037,109.750000,18.393000,0.000000,15.995710,1,5,1
North Hollywood,2025-01-12,8,1.718610,35.300000,16.778001,0.000000,9.676570,1,6,1
North Hollywood,2025-01-13,4,0.099419,22.000000,17.818001,0.000000,11.709688,1,0,0
North Hollywood,2025-01-14,5,0.595420,16.666667,16.534667,0.000000,11.230904,1,1,0
North Hollywood,2025-01-15,9,0.786843,8.138889,14.243000,0.000000,14.408997,1,2,0
North Hollywood,2025-01-16,9,1.490679,26.571429,14.653715,0.000000,10.387107,1,3,0
North Hollywood,2025-01-17,4,0.447385,11.250000,12.243000,0.000000,6.898956,1,4,0
North Hollywood,2025-01-18,9,0.598075,20.944444,13.051334,0.000000,6.746999,1,5,1
North Hollywood,2025-01-19,15,0.720207,40.687500,12.299250,0.000000,9.000000,1,6,1
North Hollywood,2025-01-20,3,0.697639,6.666667,15.318000,0.000000,19.507383,1,0,0
North Hollywood,2025-01-21,8,0.764018,11.916667,14.109667,0.000000,16.244936,1,1,0
North Hollywood,2025-01-22,12,0.519931,27.952381,19.525143,0.000000,14.474059,1,2,0
North Hollywood,2025-01-23,10,0.524253,119.750000,18.598000,0.000000,16.748707,1,3,0
North Hollywood,2025-01-24,15,1.185996,63.900000,15.568001,0.000000,9.391102,1,4,0
North Hollywood,2025-01-25,5,1.090818,83.400000,11.518000,0.200000,19.759050,1,5,1
North Hollywood,2025-01-27,6,0.878738,18.300000,13.418000,0.000000,6.725354,1,0,0
North Hollywood,2025-01-28,9,0.819412,12.187500,9.468000,0.000000,7.486788,1,1,0
North Hollywood,2025-01-29,10,0.669527,51.071429,9.182286,0.000000,8.085988,1,2,0
North Hollywood,2025-01-30,12,0.702765,34.547619,10.568000,0.000000,7.202250,1,3,0
North Hollywood,2025-01-31,11,0.636852,12.976190,11.160857,0.000000,5.942727,1,4,0
North Hollywood,2025-02-01,9,0.296727,30.500000,15.918000,0.000000,6.302571,2,5,1
North Hollywood,2025-02-02,9,0.410443,52.700000,19.598000,0.000000,6.302571,2,6,1
North Hollywood,2025-02-03,9,0.475183,20.466667,18.578000,0.000000,4.860000,2,0,0
North Hollywood,2025-02-04,15,0.614790,21.000000,13.793000,0.000000,12.016938,2,1,0
North Hollywood,2025-02-05,10,0.500493,24.208333,14.034667,0.700000,11.588700,2,2,0
North Hollywood,2025-02-06,4,0.930241,7.750000,14.043000,1.000000,13.523978,2,3,0
North Hollywood,2025-02-07,6,1.049476,14.000000,13.343001,0.400000,9.927779,2,4,0
North Hollywood,2025-02-08,6,0.379827,47.200000,14.408000,0.000000,8.131936,2,5,1
North Hollywood,2025-02-09,8,0.483844,20.708333,18.518000,0.000000,6.007794,2,6,1
North Hollywood,2025-02-10,8,1.105464,42.833333,12.918000,0.000000,9.422101,2,0,0
North Hollywood,2025-02-11,10,0.767469,13.166667,11.603715,0.000000,10.055864,2,1,0
North Hollywood,2025-02-12,7,0.735629,10.125000,10.530501,0.400000,6.842368,2,2,0
North Hollywood,2025-02-13,1,0.596514,6.000000,12.018001,0.500000,12.492829,2,3,0
North Hollywood,2025-02-14,17,0.525760,21.704762,15.310857,0.100000,10.837435,2,4,0
North Hollywood,2025-02-15,6,0.243809,95.333333,14.968001,0.000000,13.327294,2,5,1
North Hollywood,2025-02-16,15,0.319638,32.625000,17.311750,0.000000,4.334974,2,6,1
North Hollywood,2025-02-17,31,1.250698,30.784762,16.313000,0.000000,7.895416,2,0,0
North Hollywood,2025-02-18,21,0.720242,15.385185,14.862444,0.000000,6.310277,2,1,0
North Hollywood,2025-02-19,11,0.646720,23.857143,14.253715,0.000000,8.171683,2,2,0
North Hollywood,2025-02-20,31,0.955501,19.659091,18.831637,0.000000,10.662626,2,3,0
North Hollywood,2025-02-21,11,0.782027,28.416667,17.059667,0.000000,9.052050,2,4,0
North Hollywood,2025-02-22,37,0.600679,30.260417,18.397167,0.000000,7.970972,2,5,1
North Hollywood,2025-02-23,13,0.234568,59.555556,20.262445,0.000000,8.019601,2,6,1
North Hollywood,2025-02-24,13,0.703684,24.062500,20.586750,0.000000,15.655861,2,0,0
North Hollywood,2025-02-25,17,0.386117,29.570370,23.734667,0.000000,11.177405,2,1,0
North Hollywood,2025-02-26,14,0.535559,20.166667,21.973556,0.000000,11.032987,2,2,0
North Hollywood,2025-02-27,11,0.876854,13.312500,22.674250,0.000000,8.049845,2,3,0
North Hollywood,2025-02-28,21,0.830596,23.888889,18.451334,0.000000,11.362834,2,4,0
North Hollywood,2025-03-01,11,0.302916,59.875000,14.399250,0.000000,11.402683,3,5,1
North Hollywood,2025-03-02,20,0.377996,25.790476,15.310857,0.300000,17.654688,3,6,1
North Hollywood,2025-03-03,10,0.839429,13.500000,13.734667,0.000000,18.172869,3,0,0
North Hollywood,2025-03-04,12,0.465450,17.937500,15.574251,0.000000,7.380000,3,1,0
North Hollywood,2025-03-05,6,0.564121,12.400000,11.128000,3.600000,8.731391,3,2,0
North Hollywood,2025-03-06,8,0.567914,20.916667,9.176334,3.000000,17.604149,3,3,0
North Hollywood,2025-03-07,13,0.745016,13.362500,12.549250,0.000000,20.208958,3,4,0
North Hollywood,2025-03-08,5,1.958517,28.000000,16.893000,0.000000,10.120098,3,5,1
North Hollywood,2025-03-09,10,0.822431,33.166667,16.351334,0.000000,8.891344,3,6,1
North Hollywood,2025-03-10,8,0.588938,14.083333,14.384667,0.000000,9.555271,3,0,0
North Hollywood,2025-03-11,10,0.736268,16.437500,12.343000,0.500000,12.574260,3,1,0
North Hollywood,2025-03-12,19,0.699754,30.243750,13.274250,4.500000,18.561832,3,2,0
North Hollywood,2025-03-13,13,0.565571,7.604167,10.343000,0.500000,15.568700,3,3,0
North Hollywood,2025-03-14,12,1.286483,41.181818,8.036182,0.800000,15.655861,3,4,0
North Hollywood,2025-03-15,21,1.172703,41.416667,14.390222,0.000000,19.603479,3,5,1
North Hollywood,2025-03-16,7,0.655050,17.791667,15.518000,0.000000,6.037383,3,6,1
North Hollywood,2025-03-17,10,0.747706,12.666667,12.843000,0.600000,13.501200,3,0,0
North Hollywood,2025-03-18,13,0.959502,12.250000,12.230500,0.000000,22.661421,3,1,0
North Hollywood,2025-03-19,17,0.663398,18.750000,17.840222,0.000000,11.132385,3,2,0
North Hollywood,2025-03-20,19,0.571919,18.606061,18.686182,0.000000,7.748368,3,3,0
North Hollywood,2025-03-21,8,0.813167,16.533333,19.838001,0.000000,9.693295,3,4,0
North Hollywood,2025-03-22,19,0.586628,39.320000,21.608000,0.000000,12.168319,3,5,1
North Hollywood,2025-03-23,16,1.141512,48.583333,18.161750,0.000000,9.622849,3,6,1
North Hollywood,2025-03-24,10,0.693748,17.033333,28.418000,0.000000,10.137691,3,0,0
North Hollywood,2025-03-25,16,0.774308,21.816327,23.668001,0.000000,8.436990,3,1,0
North Hollywood,2025-03-26,11,1.433167,40.285714,16.425143,0.000000,10.031670,3,2,0
North Hollywood,2025-03-27,7,1.561161,23.571429,16.953714,0.000000,13.151091,3,3,0
North Hollywood,2025-03-28,17,0.646096,20.144444,17.984667,0.000000,16.974487,3,4,0
North Hollywood,2025-03-29,13,0.711067,15.343750,17.105500,0.000000,14.986553,3,5,1
North Hollywood,2025-03-30,15,0.920689,22.129630,14.518000,0.100000,11.032987,3,6,1
North Hollywood,2025-03-31,9,1.206923,27.714286,16.132286,0.800000,14.330079,3,0,0
North Hollywood,2025-04-01,18,0.751688,11.050000,14.297167,0.000000,18.582766,4,1,0
North Hollywood,2025-04-02,14,0.673265,14.000000,14.101334,0.000000,14.584443,4,2,0
North Hollywood,2025-04-03,19,0.608335,28.722222,14.534667,1.900000,13.797913,4,3,0
North Hollywood,2025-04-04,25,0.726163,24.631944,20.468000,0.000000,16.293728,4,4,0
North Hollywood,2025-04-05,6,0.491668,44.375000,23.993000,0.000000,17.515581,4,5,1
North Hollywood,2025-04-06,21,4.283172,117.816667,24.482286,0.000000,13.971756,4,6,1
North Hollywood,2025-04-07,20,0.664420,24.316667,24.073000,0.000000,12.739371,4,0,0
North Hollywood,2025-04-08,15,0.590703,39.166667,22.580501,0.000000,11.755254,4,1,0
North Hollywood,2025-04-09,10,1.097558,13.833333,24.301334,0.000000,10.633720,4,2,0
North Hollywood,2025-04-10,17,0.610624,9.510000,27.613000,0.000000,8.909545,4,3,0
North Hollywood,2025-04-11,8,0.511982,28.111111,27.684667,0.000000,10.094454,4,4,0
North Hollywood,2025-04-12,9,0.504471,42.138889,25.151334,0.000000,10.004178,4,5,1
North Hollywood,2025-04-13,3,0.198838,60.333333,22.151334,0.000000,9.555271,4,6,1
North Hollywood,2025-04-14,12,0.777007,10.444444,16.451334,0.000000,11.720751,4,0,0
North Hollywood,2025-04-15,13,1.073021,63.178571,15.282287,0.000000,10.765445,4,1,0
North Hollywood,2025-04-16,11,0.345914,25.888889,15.051334,0.000000,11.252519,4,2,0
North Hollywood,2025-04-17,34,0.586813,33.236667,13.723000,1.000000,13.804955,4,3,0
North Hollywood,2025-04-18,26,0.804263,37.183333,16.268000,0.000000,10.765445,4,4,0
North Hollywood,2025-04-19,17,0.336531,34.018519,20.095778,0.000000,14.058450,4,5,1
North Hollywood,2025-04-20,38,0.413351,39.221429,21.228715,0.000000,11.032987,4,6,1
North Hollywood,2025-04-21,11,0.652947,35.694444,21.218000,0.000000,8.707238,4,0,0
North Hollywood,2025-04-22,18,1.273041,40.966667,17.598000,0.000000,9.826088,4,1,0
North Hollywood,2025-04-23,10,0.534870,12.976190,14.896572,0.000000,12.140329,4,2,0
North Hollywood,2025-04-24,12,1.051929,25.642857,18.439429,0.000000,10.997690,4,3,0
North Hollywood,2025-04-25,13,1.464155,22.142857,14.182286,0.400000,14.517644,4,4,0
North Hollywood,2025-04-26,9,0.540395,24.687500,12.280501,1.300000,15.536408,4,5,1
North Hollywood,2025-04-27,16,0.204031,46.416667,14.051334,0.300000,10.449306,4,6,1
North Hollywood,2025-04-28,10,0.694768,18.277778,14.251334,0.000000,10.018743,4,0,0
North Hollywood,2025-04-29,13,1.719704,71.916667,18.726334,0.000000,9.567131,4,1,0
North Hollywood,2025-04-30,15,0.403561,50.055556,16.351334,0.000000,10.018743,4,2,0
North Hollywood,2025-05-01,22,1.433770,79.159722,16.551334,0.000000,9.391102,5,3,0
North Hollywood,2025-05-02,27,0.851219,57.683333,18.228000,0.000000,8.759178,5,4,0
North Hollywood,2025-05-03,2,0.232590,23.000000,16.268000,0.000000,10.261579,5,5,1
North Hollywood,2025-05-04,5,1.315581,18.200000,15.358000,0.600000,9.360000,5,6,1
North Hollywood,2025-05-05,13,0.999993,18.687500,16.686750,0.100000,11.213581,5,0,0
North Hollywood,2025-05-06,10,0.995627,20.261905,16.132286,0.000000,11.126562,5,1,0
North Hollywood,2025-05-07,15,0.665460,17.125000,21.249250,0.000000,12.791403,5,2,0
North Hollywood,2025-05-08,11,0.547650,33.479167,23.711751,0.000000,8.849339,5,3,0
North Hollywood,2025-05-09,5,0.398584,8.250000,34.405499,0.000000,8.083983,5,4,0
North Hollywood,2025-05-10,4,0.617034,24.000000,30.380500,0.000000,8.885877,5,5,1
North Hollywood,2025-05-11,9,1.764670,43.687500,32.155499,0.000000,12.703715,5,6,1
North Hollywood,2025-05-12,11,0.592983,19.500000,20.953715,0.000000,15.299999,5,0,0
North Hollywood,2025-05-13,13,0.406242,17.636364,19.399818,0.000000,15.408671,5,1,0
North Hollywood,2025-05-14,17,1.248859,22.950000,19.478000,0.000000,12.580700,5,2,0
North Hollywood,2025-05-15,16,0.596694,16.055556,20.638834,0.000000,10.484902,5,3,0
North Hollywood,2025-05-16,7,0.367134,26.200000,17.378000,0.000000,7.773417,5,4,0
North Hollywood,2025-05-17,19,0.579197,44.194444,16.662445,1.200000,14.145756,5,5,1
North Hollywood,2025-05-18,16,0.408004,56.375000,19.736750,0.000000,14.206323,5,6,1
North Hollywood,2025-05-19,17,0.711023,18.345833,26.168000,0.000000,11.770403,5,0,0
North Hollywood,2025-05-20,18,0.897339,23.659091,27.072545,0.000000,11.542478,5,1,0
North Hollywood,2025-05-21,22,0.667508,16.287879,27.781636,0.000000,11.874544,5,2,0
North Hollywood,2025-05-22,13,1.670361,61.388889,26.329111,0.000000,11.968308,5,3,0
North Hollywood,2025-05-23,7,0.617340,20.458333,21.893001,0.000000,10.088033,5,4,0
North Hollywood,2025-05-24,20,0.806782,33.255208,22.130500,0.000000,11.351422,5,5,1
North Hollywood,2025-05-25,22,1.464697,37.296296,19.695778,0.000000,10.031670,5,6,1
North Hollywood,2025-05-26,18,0.679337,22.955556,20.056889,0.000000,11.755254,5,0,0
North Hollywood,2025-05-27,24,0.634754,21.534722,20.484667,0.000000,10.873252,5,1,0
North Hollywood,2025-05-28,26,0.661326,71.866667,17.931637,0.000000,10.980000,5,2,0
North Hollywood,2025-05-29,15,0.844294,20.953704,22.584667,0.000000,8.311245,5,3,0
North Hollywood,2025-05-30,13,1.020104,31.333333,29.624249,0.000000,9.220499,5,4,0
North Hollywood,2025-05-31,19,0.696974,44.984848,27.799818,0.000000,10.274200,5,5,1
North Hollywood,2025-06-01,23,0.676430,41.530303,26.199819,0.000000,12.906138,6,6,1
North Hollywood,2025-06-02,13,0.707145,19.944444,22.718000,0.000000,11.897714,6,0,0
North Hollywood,2025-06-03,24,1.001247,25.410256,19.098769,0.300000,9.335737,6,1,0
North Hollywood,2025-06-04,16,0.851269,58.366667,17.888001,0.000000,9.001800,6,2,0
North Hollywood,2025-06-05,20,0.771385,72.330952,18.878000,0.000000,10.813492,6,3,0
North Hollywood,2025-06-06,16,0.982221,65.977273,21.590728,0.000000,10.658068,6,4,0
North Hollywood,2025-06-07,24,0.606875,38.056277,20.281637,0.000000,9.622849,6,5,1
North Hollywood,2025-06-08,20,0.820687,31.851852,21.618001,0.000000,8.467655,6,6,1
North Hollywood,2025-06-09,19,0.616311,13.900000,22.428000,0.000000,8.436990,6,0,0
North Hollywood,2025-06-10,12,0.711488,16.636364,23.081637,0.000000,9.181765,6,1,0
North Hollywood,2025-06-11,18,0.849462,40.803030,21.908910,0.000000,9.181765,6,2,0
North Hollywood,2025-06-12,16,1.491449,24.791667,23.868000,0.000000,11.013882,6,3,0
North Hollywood,2025-06-13,16,0.707333,21.842593,22.168000,0.000000,10.266314,6,4,0
North Hollywood,2025-06-14,20,1.280706,55.000000,26.910308,0.000000,9.867218,6,5,1
North Hollywood,2025-06-15,16,0.477146,22.733333,29.688000,0.000000,11.003581,6,6,1
North Hollywood,2025-06-16,10,0.809239,36.700000,28.207999,0.000000,10.920824,6,0,0
North Hollywood,2025-06-17,11,0.916486,18.375000,30.430499,0.000000,11.897714,6,1,0
North Hollywood,2025-06-18,23,0.917915,21.104167,28.143000,0.000000,8.328770,6,2,0
North Hollywood,2025-06-19,17,1.369558,59.515152,24.545273,0.000000,10.360559,6,3,0
North Hollywood,2025-06-20,21,0.826591,18.455556,23.079111,0.000000,11.003581,6,4,0
North Hollywood,2025-06-21,14,0.637019,18.444444,20.773556,0.000000,14.039999,6,5,1
North Hollywood,2025-06-22,21,0.712153,43.153846,23.937231,0.000000,12.074766,6,6,1
North Hollywood,2025-06-23,14,0.464424,19.550000,23.158000,0.000000,11.481968,6,0,0
North Hollywood,2025-06-24,13,0.380811,19.809524,22.996572,0.000000,9.178235,6,1,0
North Hollywood,2025-06-25,25,0.797490,29.217857,23.360858,0.000000,8.507737,6,2,0
North Hollywood,2025-06-26,21,0.747701,27.833333,25.780500,0.000000,9.087772,6,3,0
North Hollywood,2025-06-27,21,0.843264,21.557692,25.041078,0.000000,10.274200,6,4,0
North Hollywood,2025-06-28,19,0.619798,21.612500,28.999250,0.000000,9.914717,6,5,1
North Hollywood,2025-06-29,25,0.698060,47.606061,30.263454,0.000000,10.495713,6,6,1
North Hollywood,2025-06-30,14,1.441317,26.979167,26.599250,0.000000,10.310403,6,0,0
North Hollywood,2025-07-01,29,0.996208,17.674074,25.895778,0.000000,10.853866,7,1,0
North Hollywood,2025-07-02,11,0.684402,14.687500,23.418000,0.000000,8.641874,7,2,0
North Hollywood,2025-07-03,33,0.674721,33.352564,23.148770,0.000000,10.266314,7,3,0
North Hollywood,2025-07-04,29,0.514992,55.057292,24.011750,0.000000,10.435344,7,4,0
North Hollywood,2025-07-05,22,0.566237,63.375000,26.843000,0.000000,10.435344,7,5,1
North Hollywood,2025-07-06,11,0.236021,50.791667,25.705501,0.000000,9.901636,7,6,1
North Hollywood,2025-07-07,16,2.480656,35.425000,24.693000,0.000000,8.260411,7,0,0
North Hollywood,2025-07-08,22,0.848142,14.185185,28.412444,0.000000,9.801326,7,1,0
North Hollywood,2025-07-09,15,0.763475,33.541667,29.643000,0.000000,11.098865,7,2,0
North Hollywood,2025-07-10,16,0.769461,30.636364,29.063454,0.000000,10.801499,7,3,0
North Hollywood,2025-07-11,13,0.660924,15.833333,23.593000,0.000000,9.900000,7,4,0
North Hollywood,2025-07-12,6,0.580309,34.833333,25.976334,0.000000,9.622849,7,5,1
North Hollywood,2025-07-13,12,0.354379,26.500000,25.132286,0.000000,8.821836,7,6,1
North Hollywood,2025-07-14,16,0.598928,56.229167,24.424251,0.000000,9.726665,7,0,0
North Hollywood,2025-07-15,18,0.539430,34.361111,23.479111,0.000000,10.661107,7,1,0
North Hollywood,2025-07-16,21,1.086215,25.083333,23.309667,0.000000,9.531505,7,2,0
North Hollywood,2025-07-17,16,0.385143,45.583333,23.679112,0.000000,10.980000,7,3,0
North Hollywood,2025-07-18,6,0.689422,23.333333,24.793000,0.000000,8.865799,7,4,0
North Hollywood,2025-07-19,6,0.362031,31.250000,26.805501,0.000000,9.958735,7,5,1
North Hollywood,2025-07-20,14,0.444704,39.694444,22.879112,0.000000,10.266314,7,6,1
North Hollywood,2025-07-21,19,1.012282,29.780303,22.327091,0.200000,9.965240,7,0,0
North Hollywood,2025-07-22,15,0.751424,19.800000,23.328000,0.000000,10.914888,7,1,0
North Hollywood,2025-07-23,13,0.688147,25.166667,25.162445,0.000000,12.371645,7,2,0
North Hollywood,2025-07-24,8,0.736952,49.642857,26.232286,0.000000,11.481968,7,3,0
North Hollywood,2025-07-25,10,0.404129,13.095238,22.668000,0.000000,13.184308,7,4,0
North Hollywood,2025-07-26,13,0.727371,45.979167,22.299250,0.000000,9.215226,7,5,1
North Hollywood,2025-07-27,14,0.457132,69.537037,24.462445,0.000000,9.582359,7,6,1
North Hollywood,2025-07-28,15,1.211168,31.666667,24.686750,0.000000,9.001800,7,0,0
North Hollywood,2025-07-29,9,1.047090,16.900000,24.778001,0.000000,8.473393,7,1,0
North Hollywood,2025-07-30,12,0.742622,17.550000,26.343000,0.000000,10.829959,7,2,0
North Hollywood,2025-07-31,21,0.610753,10.537037,26.701334,0.000000,9.114471,7,3,0
North Hollywood,2025-08-01,21,1.854271,47.380000,24.533000,0.000000,10.337079,8,4,0
North Hollywood,2025-08-02,13,1.883711,77.887500,26.474251,0.000000,10.080000,8,5,1
North Hollywood,2025-08-03,14,0.471480,23.041667,25.599250,0.000000,9.940825,8,6,1
North Hollywood,2025-08-04,18,0.529481,28.066667,27.462445,0.000000,10.802999,8,0,0
North Hollywood,2025-08-05,16,0.584031,26.500000,28.090727,0.000000,10.304115,8,1,0
North Hollywood,2025-08-06,22,0.805757,25.438889,27.447167,0.000000,8.707238,8,2,0
North Hollywood,2025-08-07,21,0.378198,18.736111,28.488833,0.000000,10.587917,8,3,0
North Hollywood,2025-08-08,11,0.599017,15.250000,28.755499,0.000000,9.470120,8,4,0
North Hollywood,2025-08-09,8,0.349968,43.714286,29.168000,0.000000,10.717182,8,5,1
North Hollywood,2025-08-10,6,0.440278,47.800000,21.918000,0.000000,4.532284,8,6,1
North Hollywood,2025-08-11,11,0.434359,74.333333,24.260858,0.000000,8.790563,8,0,0
North Hollywood,2025-08-12,14,0.851529,41.296296,25.395778,0.000000,9.734988,8,1,0
North Hollywood,2025-08-13,19,0.439450,30.993939,24.695273,0.000000,8.827344,8,2,0
North Hollywood,2025-08-14,21,1.283308,36.027778,24.484667,0.000000,10.209348,8,3,0
North Hollywood,2025-08-15,15,0.764055,35.818182,23.099818,0.000000,10.096059,8,4,0
North Hollywood,2025-08-16,21,0.637889,18.923077,23.360308,0.000000,11.103243,8,5,1
North Hollywood,2025-08-17,14,0.470584,15.964286,24.818000,0.000000,9.605998,8,6,1
North Hollywood,2025-08-18,20,0.946202,29.346154,27.341077,0.000000,9.195868,8,0,0
North Hollywood,2025-08-19,24,0.464178,16.958333,28.171125,0.000000,9.854075,8,1,0
North Hollywood,2025-08-20,25,0.575962,53.976190,29.439428,0.000000,9.541698,8,2,0
North Hollywood,2025-08-21,19,0.560452,15.130303,31.504363,0.000000,9.746631,8,3,0
North Hollywood,2025-08-22,21,0.626367,14.381250,32.761749,0.000000,12.072083,8,4,0
North Hollywood,2025-08-23,27,0.419675,21.551515,33.972544,0.000000,13.140000,8,5,1
North Hollywood,2025-08-24,20,0.268910,31.884615,30.914153,0.000000,12.061341,8,6,1
North Hollywood,2025-08-25,18,0.597676,13.583333,27.912445,0.000000,10.662626,8,0,0
North Hollywood,2025-08-26,18,0.523983,18.275000,27.143000,0.000000,11.304229,8,1,0
North Hollywood,2025-08-27,26,0.699424,13.128205,26.379538,0.000000,10.853866,8,2,0
North Hollywood,2025-08-28,15,0.442429,21.947917,28.099250,0.000000,10.914888,8,3,0
North Hollywood,2025-08-29,24,0.558460,19.698148,29.562444,0.000000,11.304229,8,4,0
North Hollywood,2025-08-30,22,0.345741,60.492424,30.372545,0.000000,9.292254,8,5,1
North Hollywood,2025-08-31,15,0.626655,27.738095,29.068000,0.000000,7.922045,8,6,1
North Hollywood,2025-09-01,16,0.591410,20.968750,30.730500,0.000000,10.464798,9,0,0
North Hollywood,2025-09-02,14,0.723977,19.454545,29.699818,0.000000,13.141232,9,1,0
North Hollywood,2025-09-03,10,0.449777,72.055556,28.668000,0.000000,9.195868,9,2,0
North Hollywood,2025-09-04,15,0.705854,15.000000,28.225692,0.000000,10.261578,9,3,0
North Hollywood,2025-09-05,11,1.583493,31.055556,27.223556,0.000000,10.658068,9,4,0
North Hollywood,2025-09-06,12,0.901701,26.750000,30.125142,0.000000,9.997700,9,5,1
North Hollywood,2025-09-07,22,0.545089,18.120370,30.162444,0.000000,10.564942,9,6,1
North Hollywood,2025-09-08,12,1.132050,16.500000,26.130500,0.000000,11.866355,9,0,0
North Hollywood,2025-09-09,24,1.025910,30.507576,22.563455,0.000000,12.241323,9,1,0
North Hollywood,2025-09-10,14,1.714858,18.250000,21.738001,0.300000,12.267762,9,2,0
North Hollywood,2025-09-11,16,2.007055,28.072917,21.461750,0.000000,9.567130,9,3,0
North Hollywood,2025-09-12,11,2.355089,19.857143,22.639429,0.000000,16.686689,9,4,0
North Hollywood,2025-09-13,26,0.875766,15.013889,24.459667,0.000000,9.064569,9,5,1
North Hollywood,2025-09-14,10,0.859170,42.650000,24.038000,0.000000,7.072878,9,6,1
North Hollywood,2025-09-15,10,1.939410,88.250000,25.311750,0.000000,8.459999,9,0,0
North Hollywood,2025-09-16,11,1.980470,21.600000,28.472999,0.000000,9.044888,9,1,0
North Hollywood,2025-09-17,14,1.053118,19.376190,27.689428,0.600000,8.836514,9,2,0
North Hollywood,2025-09-18,8,1.775804,38.300000,23.168001,8.400000,8.686749,9,3,0
North Hollywood,2025-09-19,8,0.541491,19.100000,24.318001,0.100000,10.656547,9,4,0
North Hollywood,2025-09-20,11,0.963695,14.983333,25.459667,0.000000,6.898956,9,5,1
North Hollywood,2025-09-21,18,0.487068,19.759259,23.562445,0.000000,9.470120,9,6,1
Westside,2024-09-23,612,1.515898,25.953403,18.752591,0.000000,23.990698,9,0,0
Westside,2024-09-24,545,1.288177,23.761010,18.580405,0.000000,24.315327,9,1,0
Westside,2024-09-25,528,1.323606,24.383116,18.097072,0.000000,24.152887,9,2,0
Westside,2024-09-26,619,1.393486,22.235171,17.216227,0.000000,21.794127,9,3,0
Westside,2024-09-27,571,1.160559,34.683214,16.918500,0.000000,19.005989,9,4,0
Westside,2024-09-28,818,1.225252,33.807705,16.985891,0.000000,21.422270,9,5,1
Westside,2024-09-29,718,1.453694,35.484120,16.966417,0.000000,19.983242,9,6,1
Westside,2024-09-30,524,1.152269,20.476443,18.791227,0.000000,19.469975,9,0,0
Westside,2024-10-01,493,1.145653,23.232326,19.325319,0.000000,22.218884,10,1,0
Westside,2024-10-02,496,1.075682,23.324194,20.560606,0.000000,15.844089,10,2,0
Westside,2024-10-03,651,1.296007,23.348050,21.873501,0.000000,12.996199,10,3,0
Westside,2024-10-04,647,1.244144,31.717203,19.893500,0.000000,17.258425,10,4,0
Westside,2024-10-05,670,1.391145,38.728952,19.327592,0.000000,19.922350,10,5,1
Westside,2024-10-06,631,1.206433,28.944319,19.281544,0.000000,19.787722,10,6,1
Westside,2024-10-07,555,1.175854,38.416312,19.112250,0.000000,15.626860,10,0,0
Westside,2024-10-08,538,1.343674,24.278800,18.582137,0.000000,16.357237,10,1,0
Westside,2024-10-09,497,1.201402,21.414426,18.182137,0.000000,19.486609,10,2,0
Westside,2024-10-10,589,1.165873,25.284963,18.472848,0.000000,16.119801,10,3,0
Westside,2024-10-11,624,1.238395,28.625596,19.094587,0.000000,16.521803,10,4,0
Westside,2024-10-12,693,1.187052,34.986433,17.714152,0.000000,16.793140,10,5,1
Westside,2024-10-13,605,1.404963,42.986630,17.382137,0.000000,19.267569,10,6,1
Westside,2024-10-14,562,1.212372,23.389714,18.166119,0.000000,17.437717,10,0,0
Westside,2024-10-15,502,1.282778,21.971901,18.176000,0.000000,19.454161,10,1,0
Westside,2024-10-16,475,1.094350,23.698758,17.893500,0.000000,21.426807,10,2,0
Westside,2024-10-17,502,1.088402,21.660121,18.070773,0.200000,17.892578,10,3,0
Westside,2024-10-18,680,1.445897,25.443481,20.627592,0.000000,24.967497,10,4,0
Westside,2024-10-19,610,1.112822,31.340177,18.029370,0.000000,18.040453,10,5,1
Westside,2024-10-20,657,1.637689,35.603041,19.723262,0.000000,20.288164,10,6,1
Westside,2024-10-21,539,1.057009,25.396803,20.254864,0.000000,19.930477,10,0,0
Westside,2024-10-22,554,1.479828,28.778104,20.090239,0.000000,17.823637,10,1,0
Westside,2024-10-23,587,1.207598,21.752788,19.403283,0.000000,13.661038,10,2,0
Westside,2024-10-24,483,1.236923,20.750636,18.456595,0.000000,14.347028,10,3,0
Westside,2024-10-25,511,1.117143,26.177386,16.908976,0.000000,15.459054,10,4,0
Westside,2024-10-26,590,1.176891,29.116598,17.263955,0.000000,13.049689,10,5,1
Westside,2024-10-27,560,1.236084,33.776392,17.735891,0.000000,13.615902,10,6,1
Westside,2024-10-28,477,1.254395,24.945562,18.020773,0.000000,32.971455,10,0,0
Westside,2024-10-29,521,1.257618,22.722754,15.948935,0.000000,27.488186,10,1,0
Westside,2024-10-30,562,1.377057,26.311861,15.788065,0.000000,16.530626,10,2,0
Westside,2024-10-31,549,1.374162,23.424897,14.711682,0.000000,18.138071,10,3,0
Westside,2024-11-01,578,1.148802,26.157804,14.392413,0.000000,20.964397,11,4,0
Westside,2024-11-02,518,1.431121,27.127188,15.034409,0.500000,19.765606,11,5,1
Westside,2024-11-03,635,1.441639,30.185080,18.108977,0.000000,35.864742,11,6,1
Westside,2024-11-04,476,1.170931,24.127601,16.309409,0.000000,26.604097,11,0,0
Westside,2024-11-05,468,1.098020,21.670861,16.071000,0.000000,14.148046,11,1,0
Westside,2024-11-06,411,1.177566,28.420747,17.773262,0.000000,12.097553,11,2,0
Westside,2024-11-07,547,1.330948,23.237717,15.127196,0.000000,21.252962,11,3,0
Westside,2024-11-08,539,1.065720,23.166824,15.061682,0.000000,16.412603,11,4,0
Westside,2024-11-09,766,1.257818,39.305670,15.723046,0.000000,13.432632,11,5,1
Westside,2024-11-10,582,1.119179,38.641284,14.951109,0.000000,15.294703,11,6,1
Westside,2024-11-11,478,1.174299,32.223534,13.423045,0.000000,16.981165,11,0,0
Westside,2024-11-12,453,1.022873,18.390127,15.925643,0.000000,28.561638,11,1,0
Westside,2024-11-13,478,1.397655,22.693586,16.577591,0.000000,9.904906,11,2,0
Westside,2024-11-14,466,1.090626,23.075684,14.961357,0.000000,9.473541,11,3,0
Westside,2024-11-15,485,1.293961,25.919334,13.718500,0.300000,21.103033,11,4,0
Westside,2024-11-16,521,1.387121,30.532499,14.308500,0.000000,17.777222,11,5,1
Westside,2024-11-17,434,1.511954,32.910040,13.201833,0.000000,15.385525,11,6,1
Westside,2024-11-18,447,1.219219,23.197524,13.471000,0.000000,20.750027,11,0,0
Westside,2024-11-19,392,1.317952,25.995785,13.776000,0.000000,9.648067,11,1,0
Westside,2024-11-20,445,1.034691,19.375892,14.458500,0.000000,8.211235,11,2,0
Westside,2024-11-21,527,1.217505,21.829167,14.380405,0.000000,8.375320,11,3,0
Westside,2024-11-22,456,1.180827,23.814097,13.568500,0.000000,7.240386,11,4,0
Westside,2024-11-23,326,1.159974,33.486137,12.139552,2.200000,7.386582,11,5,1
Westside,2024-11-24,492,1.082272,39.444670,13.493500,0.800000,9.979860,11,6,1
Westside,2024-11-25,369,1.431710,38.661140,14.618500,0.000000,7.538541,11,0,0
Westside,2024-11-26,425,1.138874,24.069547,15.596000,0.900000,4.349896,11,1,0
Westside,2024-11-27,386,1.093743,26.503847,15.352591,0.000000,10.711135,11,2,0
Westside,2024-11-28,297,1.262985,69.669425,16.518500,0.000000,12.193588,11,3,0
Westside,2024-11-29,406,1.203455,35.086892,15.527196,0.000000,11.098865,11,4,0
Westside,2024-11-30,502,1.394541,32.181679,16.492310,0.000000,11.157097,11,5,1
Westside,2024-12-01,425,1.340299,31.797729,15.084409,0.000000,9.266068,12,6,1
Westside,2024-12-02,356,1.292760,21.840130,13.486682,0.000000,7.858397,12,0,0
Westside,2024-12-03,405,1.201023,28.601652,13.609409,0.000000,8.149847,12,1,0
Westside,2024-12-04,357,1.032797,16.383798,13.134289,0.000000,8.436990,12,2,0
Westside,2024-12-05,406,1.064715,15.816682,12.387547,0.000000,8.482947,12,3,0
Westside,2024-12-06,317,1.177371,25.226752,14.953500,0.000000,9.107359,12,4,0
Westside,2024-12-07,516,1.245935,27.581935,16.568500,0.000000,10.362123,12,5,1
Westside,2024-12-08,390,1.131811,28.797283,13.677196,0.000000,10.145679,12,6,1
Westside,2024-12-09,364,1.312795,24.879772,12.383717,0.000000,9.227524,12,0,0
Westside,2024-12-10,408,1.194828,21.485132,13.461682,0.000000,11.481968,12,1,0
Westside,2024-12-11,371,1.247293,21.516727,14.306000,0.000000,11.409785,12,2,0
Westside,2024-12-12,332,1.155881,18.968375,10.763954,0.000000,7.895416,12,3,0
Westside,2024-12-13,320,1.457302,24.356806,12.231000,0.000000,8.528657,12,4,0
Westside,2024-12-14,415,1.464150,31.197396,12.630404,0.000000,7.594207,12,5,1
Westside,2024-12-15,332,1.277767,34.089177,11.973262,0.000000,11.792404,12,6,1
Westside,2024-12-16,275,1.393106,24.075445,12.294690,0.000000,7.773417,12,0,0
Westside,2024-12-17,354,1.653815,27.153672,15.905342,0.000000,11.203464,12,1,0
Westside,2024-12-18,333,1.251016,25.231100,19.513237,0.000000,8.281956,12,2,0
Westside,2024-12-19,328,1.158834,28.386184,16.750079,0.000000,9.423820,12,3,0
Westside,2024-12-20,264,1.041164,24.197414,12.301000,0.000000,7.928177,12,4,0
Westside,2024-12-21,338,1.449041,31.856961,12.066227,0.000000,10.633720,12,5,1
Westside,2024-12-22,368,1.426658,31.266960,13.558500,0.000000,8.059900,12,6,1
Westside,2024-12-23,286,1.348548,34.144935,13.603500,0.000000,8.557102,12,0,0
Westside,2024-12-24,180,1.011227,29.393219,13.854611,0.300000,22.661421,12,1,0
Westside,2024-12-25,343,0.851676,44.000725,13.360605,0.000000,18.080818,12,2,0
Westside,2024-12-26,380,1.117637,42.443222,12.877591,0.000000,8.924080,12,3,0
Westside,2024-12-27,326,1.461427,35.682144,12.594815,0.000000,12.287555,12,4,0
Westside,2024-12-28,366,1.148111,32.685613,12.412617,0.000000,8.538150,12,5,1
Westside,2024-12-29,309,1.265187,42.452844,11.691000,0.000000,8.686749,12,6,1
Westside,2024-12-30,382,1.028859,32.933658,11.753500,0.000000,9.195868,12,0,0
Westside,2024-12-31,374,1.016546,41.461354,11.358976,0.000000,7.235910,12,1,0
Westside,2025-01-01,465,1.032977,54.313237,11.673045,0.000000,9.278297,1,2,0
Westside,2025-01-02,348,1.458532,28.840657,14.386921,0.000000,7.771331,1,3,0
Westside,2025-01-03,348,1.151627,27.881861,12.683500,0.000000,11.841756,1,4,0
Westside,2025-01-04,420,1.035075,37.861970,13.273763,0.000000,17.183167,1,5,1
Westside,2025-01-05,449,1.161701,35.169787,15.323262,0.000000,9.449572,1,6,1
Westside,2025-01-06,381,1.074112,19.953168,15.201000,0.000000,7.347000,1,0,0
Westside,2025-01-07,339,1.363840,24.314381,17.025318,0.000000,29.818130,1,1,0
Westside,2025-01-08,233,1.158920,21.394528,17.439334,0.000000,33.627258,1,2,0
Westside,2025-01-09,203,0.828508,37.663351,15.253500,0.000000,9.688281,1,3,0
Westside,2025-01-10,223,1.131389,28.516674,13.710605,0.000000,11.594292,1,4,0
Westside,2025-01-11,244,0.893365,50.919094,14.444816,0.000000,18.022486,1,5,1
Westside,2025-01-12,264,1.277972,40.666614,13.673262,0.000000,16.204998,1,6,1
Westside,2025-01-13,235,1.146085,22.308090,12.765868,0.000000,6.766180,1,0,0
Westside,2025-01-14,208,1.434266,22.352759,11.818500,0.000000,12.768586,1,1,0
Westside,2025-01-15,234,1.206002,24.211948,13.513955,0.000000,10.435344,1,2,0
Westside,2025-01-16,261,1.151717,27.927231,12.492184,0.000000,11.843124,1,3,0
Westside,2025-01-17,248,1.355840,30.852484,11.425643,0.000000,10.315115,1,4,0
Westside,2025-01-18,371,1.368244,32.902936,11.580404,0.000000,11.435313,1,5,1
Westside,2025-01-19,284,1.456309,33.435109,10.592184,0.000000,10.185519,1,6,1
Westside,2025-01-20,375,1.186492,26.640224,13.781000,0.000000,13.797913,1,0,0
Westside,2025-01-21,362,0.947021,24.652871,13.601109,0.000000,11.165805,1,1,0
Westside,2025-01-22,412,1.139519,24.783544,15.348935,0.000000,10.837435,1,2,0
Westside,2025-01-23,432,1.105960,21.117458,17.108976,0.000000,12.337553,1,3,0
Westside,2025-01-24,410,1.444600,27.912202,14.633500,0.000000,10.837435,1,4,0
Westside,2025-01-25,298,1.195885,24.295877,12.018500,6.200000,16.276815,1,5,1
Westside,2025-01-26,119,1.048689,27.873791,9.854214,6.000000,13.529966,1,6,1
Westside,2025-01-27,344,1.138345,21.279652,9.770881,0.900000,14.264361,1,0,0
Westside,2025-01-28,379,1.240801,20.760388,10.216000,0.000000,9.430695,1,1,0
Westside,2025-01-29,379,1.361932,27.522016,10.401000,0.000000,10.144082,1,2,0
Westside,2025-01-30,343,1.157935,20.993271,10.636681,0.000000,9.292255,1,3,0
Westside,2025-01-31,428,1.239138,20.837432,10.351000,0.000000,9.540000,1,4,0
Westside,2025-02-01,515,1.218633,30.141911,12.839553,0.000000,10.399576,2,5,1
Westside,2025-02-02,423,1.133532,24.410848,13.557136,0.000000,8.557102,2,6,1
Westside,2025-02-03,384,0.948737,16.629852,12.235166,0.000000,10.706596,2,0,0
Westside,2025-02-04,467,1.380582,19.472094,12.998499,0.900000,11.448055,2,1,0
Westside,2025-02-05,196,1.017392,15.406778,13.687547,7.700000,14.800554,2,2,0
Westside,2025-02-06,207,1.110330,15.612920,14.855342,6.800000,17.571909,2,3,0
Westside,2025-02-07,402,1.242618,22.942538,13.705342,4.800000,13.288341,2,4,0
Westside,2025-02-08,502,1.201843,28.106832,11.798499,0.000000,12.351988,2,5,1
Westside,2025-02-09,447,1.040040,29.619995,12.007136,0.600000,9.016185,2,6,1
Westside,2025-02-10,460,1.163886,23.153019,11.646000,0.000000,10.980000,2,0,0
Westside,2025-02-11,426,1.104524,17.031354,11.263954,0.000000,14.440443,2,1,0
Westside,2025-02-12,199,1.200688,19.155144,11.054863,4.500000,15.188415,2,2,0
Westside,2025-02-13,95,0.968142,11.416942,13.692184,32.800000,28.602446,2,3,0
Westside,2025-02-14,395,1.120360,26.703123,13.195772,2.800000,21.407139,2,4,0
Westside,2025-02-15,616,1.233988,39.511348,12.400318,0.000000,25.533363,2,5,1
Westside,2025-02-16,576,1.264519,41.740128,13.120773,0.000000,6.804381,2,6,1
Westside,2025-02-17,469,1.222373,35.050653,12.638065,0.000000,8.536252,2,0,0
Westside,2025-02-18,451,1.136968,27.146210,12.063954,0.000000,12.168320,2,1,0
Westside,2025-02-19,470,1.222488,26.681435,13.121000,0.000000,8.059900,2,2,0
Westside,2025-02-20,473,1.091844,18.779589,14.686000,0.000000,11.734564,2,3,0
Westside,2025-02-21,445,1.068612,24.416212,14.806595,0.000000,12.134992,2,4,0
Westside,2025-02-22,605,1.266286,35.600458,14.576833,0.000000,8.967541,2,5,1
Westside,2025-02-23,730,1.074970,44.305400,16.184289,0.000000,9.504273,2,6,1
Westside,2025-02-24,490,1.227086,25.069345,15.035167,0.000000,9.940825,2,0,0
Westside,2025-02-25,450,1.295697,22.441323,14.481543,0.000000,9.703319,2,1,0
Westside,2025-02-26,486,0.935612,23.504051,15.611682,0.000000,7.353611,2,2,0
Westside,2025-02-27,516,0.906593,25.898526,17.930405,0.000000,10.472536,2,3,0
Westside,2025-02-28,493,1.227224,27.034215,15.039929,0.000000,13.243156,2,4,0
Westside,2025-03-01,534,1.181666,25.284155,13.246761,0.800000,16.291740,3,5,1
Westside,2025-03-02,350,1.222101,28.487233,12.543499,1.000000,25.864941,3,6,1
Westside,2025-03-03,373,1.105201,21.469745,12.420772,0.000000,20.435352,3,0,0
Westside,2025-03-04,407,1.039643,26.225024,13.123500,0.000000,16.750641,3,1,0
Westside,2025-03-05,147,0.959265,18.220428,11.502590,13.800000,13.954354,3,2,0
Westside,2025-03-06,257,0.851589,22.459582,9.499452,6.400000,23.999475,3,3,0
Westside,2025-03-07,363,1.073139,24.241338,11.873763,0.000000,13.929953,3,4,0
Westside,2025-03-08,515,1.324878,33.529292,11.500318,0.000000,9.867218,3,5,1
Westside,2025-03-09,555,1.326997,32.436772,12.889929,0.000000,10.188700,3,6,1
Westside,2025-03-10,467,1.315092,22.307276,12.579863,0.000000,10.589448,3,0,0
Westside,2025-03-11,285,0.997647,17.701880,12.725318,4.500000,19.118170,3,1,0
Westside,2025-03-12,314,0.933785,23.910512,13.481000,3.600000,17.688606,3,2,0
Westside,2025-03-13,339,1.100737,18.457895,10.895772,17.700000,28.466190,3,3,0
Westside,2025-03-14,180,0.806549,19.759239,8.748935,3.900000,16.905630,3,4,0
Westside,2025-03-15,570,1.250737,34.728277,11.202591,0.200000,13.356437,3,5,1
Westside,2025-03-16,571,1.890809,40.253617,12.025022,0.000000,10.766949,3,6,1
Westside,2025-03-17,367,1.232875,19.902628,12.335166,0.400000,23.289661,3,0,0
Westside,2025-03-18,447,1.344964,29.767817,13.587548,0.000000,21.359411,3,1,0
Westside,2025-03-19,441,1.016386,26.662023,15.602591,0.000000,10.759423,3,2,0
Westside,2025-03-20,439,1.052731,24.770993,15.042310,0.000000,12.124306,3,3,0
Westside,2025-03-21,483,1.360893,28.407991,14.470773,0.000000,13.647988,3,4,0
Westside,2025-03-22,598,1.338062,38.697471,15.486921,0.000000,12.879752,3,5,1
Westside,2025-03-23,644,1.126383,47.232136,15.154214,0.000000,11.832176,3,6,1
Westside,2025-03-24,373,1.134381,28.282800,16.578024,0.000000,12.688404,3,0,0
Westside,2025-03-25,318,1.203140,24.961938,14.781000,0.000000,14.021525,3,1,0
Westside,2025-03-26,308,1.104788,36.251646,14.215868,0.100000,13.619472,3,2,0
Westside,2025-03-27,332,1.379608,24.563501,13.747071,0.000000,16.276817,3,3,0
Westside,2025-03-28,430,1.186851,29.926427,14.999452,0.200000,18.130030,3,4,0
Westside,2025-03-29,528,1.372781,48.929105,14.116227,0.000000,15.426535,3,5,1
Westside,2025-03-30,441,1.613520,38.845110,13.665722,0.500000,8.037761,3,6,1
Westside,2025-03-31,390,0.972020,24.737070,14.854611,2.200000,14.356058,3,0,0
Westside,2025-04-01,409,1.030319,21.478911,13.499452,0.100000,27.332157,4,1,0
Westside,2025-04-02,390,1.132547,22.535192,12.718499,0.100000,24.535524,4,2,0
Westside,2025-04-03,474,1.175018,27.592475,12.892309,0.300000,17.957649,4,3,0
Westside,2025-04-04,474,1.217012,26.308218,14.551000,0.000000,20.630230,4,4,0
Westside,2025-04-05,569,1.258075,40.176546,18.988500,0.000000,18.789963,4,5,1
Westside,2025-04-06,621,1.331738,36.367086,17.798045,0.000000,12.303366,4,6,1
Westside,2025-04-07,470,1.052597,30.090360,16.239929,0.000000,11.019764,4,0,0
Westside,2025-04-08,483,1.190041,29.423801,16.508976,0.000000,10.248941,4,1,0
Westside,2025-04-09,568,1.158813,25.273733,16.933500,0.000000,10.985900,4,2,0
Westside,2025-04-10,497,1.244648,33.817047,16.336682,0.000000,10.985900,4,3,0
Westside,2025-04-11,540,1.310748,56.365602,17.181000,0.000000,11.480557,4,4,0
Westside,2025-04-12,544,1.211401,42.312913,15.851833,0.000000,13.130133,4,5,1
Westside,2025-04-13,547,1.040899,32.584482,15.241417,0.000000,13.551501,4,6,1
Westside,2025-04-14,363,1.143940,31.735556,14.536000,0.000000,14.892213,4,0,0
Westside,2025-04-15,381,0.991538,23.707406,13.843500,0.000000,14.935662,4,1,0
Westside,2025-04-16,409,1.125700,36.812794,14.911000,0.000000,14.148046,4,2,0
Westside,2025-04-17,419,1.069366,27.267905,14.218500,0.200000,14.178927,4,3,0
Westside,2025-04-18,465,0.946732,37.720189,13.318500,0.000000,15.661035,4,4,0
Westside,2025-04-19,666,1.317399,37.966638,15.173500,0.000000,17.816362,4,5,1
Westside,2025-04-20,582,1.110557,42.263101,15.373262,0.000000,13.287122,4,6,1
Westside,2025-04-21,436,1.153128,27.676327,14.666119,0.000000,13.902015,4,0,0
Westside,2025-04-22,485,0.987671,31.202934,14.507136,0.000000,14.495310,4,1,0
Westside,2025-04-23,463,1.193933,24.471373,14.503500,0.000000,14.512064,4,2,0
Westside,2025-04-24,476,1.272569,26.674010,14.709409,0.000000,15.790833,4,3,0
Westside,2025-04-25,471,1.137056,30.588164,13.981000,1.100000,15.825675,4,4,0
Westside,2025-04-26,333,1.242488,29.966985,12.511357,11.300000,18.623693,4,5,1
Westside,2025-04-27,473,1.290087,29.378897,12.716227,0.300000,15.227830,4,6,1
Westside,2025-04-28,429,1.239948,27.062456,15.161834,0.000000,14.730336,4,0,0
Westside,2025-04-29,506,1.002908,35.580032,15.168500,0.000000,13.324863,4,1,0
Westside,2025-04-30,440,1.267971,25.564387,15.070773,0.000000,15.027575,4,2,0
Westside,2025-05-01,505,1.303320,25.073450,15.358976,0.000000,14.974658,5,3,0
Westside,2025-05-02,581,1.164965,24.615836,15.488955,0.000000,13.288341,5,4,0
Westside,2025-05-03,435,1.094433,37.886482,15.800318,0.100000,15.342294,5,5,1
Westside,2025-05-04,477,1.182238,35.923348,14.992309,0.100000,13.072015,5,6,1
Westside,2025-05-05,445,1.270013,28.735870,16.040239,0.200000,15.659999,5,0,0
Westside,2025-05-06,471,1.159579,21.368827,15.913500,0.000000,13.896187,5,1,0
Westside,2025-05-07,535,1.079187,24.831265,16.639929,0.000000,17.935986,5,2,0
Westside,2025-05-08,538,1.178477,27.489516,17.568500,0.000000,12.889810,5,3,0
Westside,2025-05-09,576,1.225496,26.363156,21.354864,0.000000,11.599879,5,4,0
Westside,2025-05-10,681,1.124517,35.262537,23.374751,0.000000,11.700000,5,5,1
Westside,2025-05-11,643,1.137615,34.957725,20.935167,0.000000,12.283599,5,6,1
Westside,2025-05-12,416,1.263901,28.189886,17.388065,0.000000,19.272614,5,0,0
Westside,2025-05-13,462,1.037889,22.827950,16.645773,0.000000,19.941854,5,1,0
Westside,2025-05-14,544,1.105726,27.572310,16.711000,0.000000,14.896563,5,2,0
Westside,2025-05-15,589,1.098897,28.912292,16.464152,0.000000,15.176678,5,3,0
Westside,2025-05-16,448,1.102023,29.289258,16.446000,0.000000,15.146761,5,4,0
Westside,2025-05-17,469,1.191366,29.605899,15.713955,0.600000,13.926464,5,5,1
Westside,2025-05-18,763,1.147898,28.944121,16.112250,0.000000,16.848038,5,6,1
Westside,2025-05-19,586,1.135486,26.260404,17.728500,0.000000,14.336861,5,0,0
Westside,2025-05-20,585,1.006047,24.955509,19.655457,0.000000,12.156331,5,1,0
Westside,2025-05-21,506,1.271031,25.188459,20.129370,0.000000,12.886039,5,2,0
Westside,2025-05-22,548,1.088880,29.020866,19.475319,0.000000,12.242646,5,3,0
Westside,2025-05-23,621,1.312073,27.329194,18.093500,0.000000,14.518760,5,4,0
Westside,2025-05-24,706,1.273101,31.754022,17.357631,0.100000,15.443328,5,5,1
Westside,2025-05-25,774,1.267389,44.958432,17.425318,0.000000,15.013554,5,6,1
Westside,2025-05-26,697,1.119255,33.633624,17.570773,0.000000,15.053425,5,0,0
Westside,2025-05-27,511,1.185291,25.256508,18.009410,0.000000,15.484185,5,1,0
Westside,2025-05-28,527,1.011897,24.752121,17.351000,0.000000,18.955633,5,2,0
Westside,2025-05-29,605,1.042610,21.951603,18.040239,0.000000,14.518760,5,3,0
Westside,2025-05-30,598,1.216275,36.888097,20.025022,0.000000,14.148046,5,4,0
Westside,2025-05-31,717,1.252180,33.964680,19.698935,0.000000,12.481153,5,5,1
Westside,2025-06-01,649,1.131787,35.102842,19.026834,0.100000,15.696165,6,6,1
Westside,2025-06-02,497,0.885726,39.876676,18.163955,0.000000,15.013554,6,0,0
Westside,2025-06-03,387,0.924513,28.878791,17.361357,16.200000,15.941944,6,1,0
Westside,2025-06-04,488,1.281465,28.986163,16.725318,0.000000,14.628807,6,2,0
Westside,2025-06-05,515,1.032296,25.746413,16.891417,0.000000,16.592251,6,3,0
Westside,2025-06-06,529,1.033918,26.936581,17.011978,0.000000,17.570988,6,4,0
Westside,2025-06-07,657,1.327746,32.520221,17.470881,0.000000,15.876775,6,5,1
Westside,2025-06-08,580,1.284861,32.114389,17.075319,0.000000,12.906138,6,6,1
Westside,2025-06-09,469,1.007886,26.938069,17.573046,0.000000,12.730467,6,0,0
Westside,2025-06-10,448,0.965308,22.813913,18.125319,0.000000,14.400000,6,1,0
Westside,2025-06-11,390,1.037944,32.803407,18.042413,0.000000,13.393983,6,2,0
Westside,2025-06-12,369,0.914696,23.841605,18.416417,0.000000,13.125196,6,3,0
Westside,2025-06-13,474,1.030815,26.402630,18.645584,0.000000,13.213765,6,4,0
Westside,2025-06-14,528,1.239648,40.031519,19.291228,0.000000,14.428097,6,5,1
Westside,2025-06-15,580,1.021071,37.761888,20.066228,0.000000,11.988594,6,6,1
Westside,2025-06-16,436,1.161835,34.374095,20.951834,0.000000,10.735306,6,0,0
Westside,2025-06-17,386,1.167640,47.685319,21.378024,0.000000,11.738705,6,1,0
Westside,2025-06-18,432,1.183639,39.179767,21.175643,0.000000,13.080688,6,2,0
Westside,2025-06-19,500,1.218261,37.557106,19.578024,0.000000,15.528064,6,3,0
Westside,2025-06-20,509,1.184453,41.411498,19.311001,0.000000,14.784126,6,4,0
Westside,2025-06-21,613,1.403291,41.172383,18.957631,0.000000,16.056362,6,5,1
Westside,2025-06-22,651,1.290132,42.064270,19.447072,0.000000,16.813387,6,6,1
Westside,2025-06-23,501,1.034375,32.806220,18.894691,0.000000,15.159591,6,0,0
Westside,2025-06-24,415,1.245226,41.263776,18.251001,0.000000,15.408671,6,1,0
Westside,2025-06-25,382,1.153793,28.045231,19.211001,0.000000,16.427402,6,2,0
Westside,2025-06-26,377,1.141906,30.618166,18.982786,0.000000,14.581111,6,3,0
Westside,2025-06-27,438,1.322929,31.709410,19.192414,0.000000,13.432632,6,4,0
Westside,2025-06-28,467,1.257584,34.516517,19.498046,0.000000,14.480773,6,5,1
Westside,2025-06-29,642,1.386644,60.753200,19.030405,0.000000,16.179987,6,6,1
Westside,2025-06-30,434,1.319858,31.631283,18.875022,0.000000,15.283048,6,0,0
Westside,2025-07-01,446,1.132736,31.206726,18.758977,0.000000,15.342294,7,1,0
Westside,2025-07-02,369,1.206415,23.805202,18.425643,0.000000,14.197196,7,2,0
Westside,2025-07-03,464,1.109904,40.099831,19.654215,0.000000,13.551501,7,3,0
Westside,2025-07-04,874,1.445058,45.783690,20.235167,0.000000,14.447172,7,4,0
Westside,2025-07-05,588,1.301020,45.319296,20.554215,0.000000,13.490396,7,5,1
Westside,2025-07-06,655,1.210583,50.974018,19.623262,0.000000,13.184308,7,6,1
Westside,2025-07-07,421,1.007536,35.145311,19.607974,0.000000,14.982228,7,0,0
Westside,2025-07-08,375,1.251867,33.670192,20.910606,0.000000,15.048042,7,1,0
Westside,2025-07-09,375,1.115107,27.518168,21.220881,0.000000,11.583108,7,2,0
Westside,2025-07-10,373,1.049136,36.934080,21.107137,0.000000,11.734564,7,3,0
Westside,2025-07-11,504,1.253441,45.582786,20.088955,0.000000,12.961249,7,4,0
Westside,2025-07-12,582,1.235410,44.403426,20.133501,0.000000,14.233664,7,5,1
Westside,2025-07-13,499,1.184189,44.224667,19.198935,0.000000,14.602204,7,6,1
Westside,2025-07-14,373,0.994980,35.925273,19.223764,0.000000,14.693999,7,0,0
Westside,2025-07-15,360,1.166481,37.499874,19.351000,0.000000,14.009968,7,1,0
Westside,2025-07-16,422,1.161366,27.682812,19.723501,0.000000,15.072783,7,2,0
Westside,2025-07-17,406,1.354691,34.462442,19.625643,0.000000,15.188416,7,3,0
Westside,2025-07-18,473,1.258756,32.100384,19.589929,0.000000,14.356058,7,4,0
Westside,2025-07-19,593,1.305417,42.321596,20.151001,0.000000,14.396625,7,5,1
Westside,2025-07-20,618,1.401864,34.568040,19.903283,0.000000,14.730336,7,6,1
Westside,2025-07-21,413,1.329244,30.266822,20.361358,0.000000,14.642090,7,0,0
Westside,2025-07-22,391,1.084033,34.011915,19.802711,0.100000,16.028088,7,1,0
Westside,2025-07-23,386,1.059771,32.616521,19.818501,0.000000,14.882420,7,2,0
Westside,2025-07-24,409,1.289367,33.045425,19.685167,0.000000,15.435983,7,3,0
Westside,2025-07-25,424,1.205705,32.190153,18.768501,0.000000,16.489416,7,4,0
Westside,2025-07-26,467,1.148294,37.415141,18.985167,0.000000,13.902015,7,5,1
Westside,2025-07-27,507,1.285956,44.476785,19.213739,0.000000,13.896187,7,6,1
Westside,2025-07-28,459,1.379024,39.490498,18.902591,0.000000,14.277983,7,0,0
Westside,2025-07-29,419,1.247034,34.353906,19.292310,0.000000,15.338071,7,1,0
Westside,2025-07-30,407,1.268740,34.911877,20.035167,0.000000,13.330940,7,2,0
Westside,2025-07-31,348,1.228533,43.764835,20.066120,0.000000,12.830604,7,3,0
Westside,2025-08-01,423,1.075834,34.513507,19.798046,0.000000,13.527572,8,4,0
Westside,2025-08-02,547,1.415190,38.791502,19.908977,0.000000,12.931218,8,5,1
Westside,2025-08-03,567,1.252369,37.163153,20.179864,0.000000,12.313894,8,6,1
Westside,2025-08-04,379,1.259992,33.122393,20.799453,0.000000,11.414043,8,0,0
Westside,2025-08-05,418,1.076552,28.969497,21.330405,0.000000,13.248049,8,1,0
Westside,2025-08-06,478,1.185244,31.855986,21.838955,0.000000,11.362834,8,2,0
Westside,2025-08-07,416,1.089141,28.462756,22.988501,0.000000,11.983188,8,3,0
Westside,2025-08-08,458,1.113721,35.259231,21.701001,0.000000,11.246759,8,4,0
Westside,2025-08-09,542,1.124126,37.802806,20.104864,0.000000,14.041154,8,5,1
Westside,2025-08-10,517,1.041416,59.766360,20.373046,0.000000,12.870944,8,6,1
Westside,2025-08-11,392,1.050451,27.086960,21.411683,0.000000,12.534257,8,0,0
Westside,2025-08-12,399,1.188121,27.817750,21.368501,0.000000,12.992459,8,1,0
Westside,2025-08-13,404,1.193964,28.163675,21.065869,0.000000,13.022349,8,2,0
Westside,2025-08-14,405,1.318130,32.726813,20.095773,0.000000,13.379461,8,3,0
Westside,2025-08-15,451,1.455077,32.150481,20.523046,0.000000,13.624228,8,4,0
Westside,2025-08-16,578,1.315647,39.518574,20.611683,0.000000,14.730336,8,5,1
Westside,2025-08-17,1622,1.590781,72.782625,20.785167,0.000000,15.627897,8,6,1
Westside,2025-08-18,411,1.240133,33.050093,21.132786,0.000000,13.861168,8,0,0
Westside,2025-08-19,432,1.629681,30.233853,21.570881,0.000000,12.594856,8,1,0
Westside,2025-08-20,488,1.417167,36.511599,22.598046,0.000000,11.032987,8,2,0
Westside,2025-08-21,477,1.117785,26.328579,23.766228,0.000000,9.939196,8,3,0
Westside,2025-08-22,430,1.218775,33.101806,24.272848,0.000000,12.387348,8,4,0
Westside,2025-08-23,544,1.296813,41.672568,23.670773,0.000000,15.189484,8,5,1
Westside,2025-08-24,529,1.205674,37.873066,23.211979,0.000000,11.843124,8,6,1
Westside,2025-08-25,446,1.428709,32.402350,22.549453,0.000000,13.356437,8,0,0
Westside,2025-08-26,397,1.118848,33.260004,21.397072,0.000000,13.861168,8,1,0
Westside,2025-08-27,340,1.215510,41.895317,22.209410,0.000000,14.761098,8,2,0
Westside,2025-08-28,398,1.029478,29.528890,22.973046,0.000000,13.298089,8,3,0
Westside,2025-08-29,447,1.227450,29.693465,22.956000,0.000000,13.783817,8,4,0
Westside,2025-08-30,544,1.093840,44.482183,22.833718,0.000000,13.104198,8,5,1
Westside,2025-08-31,551,1.340736,41.421624,23.089929,0.000000,12.783802,8,6,1
Westside,2025-09-01,614,1.397906,38.095834,22.653283,0.000000,13.500000,9,0,0
Westside,2025-09-02,442,1.253833,27.998205,23.820584,0.000000,15.035119,9,1,0
Westside,2025-09-03,404,1.243822,27.268354,23.831544,0.000000,12.580700,9,2,0
Westside,2025-09-04,459,1.499157,30.702999,22.495773,0.000000,11.808878,9,3,0
Westside,2025-09-05,442,1.517403,27.396850,21.288955,0.000000,12.481153,9,4,0
Westside,2025-09-06,595,1.251476,37.185804,21.375319,0.000000,12.108261,9,5,1
Westside,2025-09-07,559,1.467537,46.651858,22.654864,0.000000,10.837435,9,6,1
Westside,2025-09-08,423,1.205092,28.959347,21.392414,0.000000,13.538345,9,0,0
Westside,2025-09-09,436,1.433397,24.233289,21.031544,0.000000,13.804955,9,1,0
Westside,2025-09-10,399,1.104878,25.572426,21.363501,0.000000,14.292725,9,2,0
Westside,2025-09-11,454,1.379522,26.148781,20.442414,0.000000,13.874019,9,3,0
Westside,2025-09-12,456,1.381689,25.754032,20.646762,0.000000,15.176678,9,4,0
Westside,2025-09-13,564,1.423890,36.046521,20.745584,0.000000,16.189997,9,5,1
Westside,2025-09-14,591,1.383566,41.329764,20.946001,0.000000,13.089354,9,6,1
Westside,2025-09-15,380,1.358288,28.386583,21.188955,0.000000,11.808878,9,0,0
Westside,2025-09-16,448,1.244316,26.723974,22.458977,0.000000,11.052058,9,1,0
Westside,2025-09-17,398,1.401497,25.229495,22.513955,0.300000,14.578888,9,2,0
Westside,2025-09-18,390,1.430654,27.500003,22.073262,18.000000,10.908951,9,3,0
Westside,2025-09-19,599,1.228230,29.730927,21.433718,0.600000,12.193589,9,4,0
Westside,2025-09-20,697,1.509614,36.160271,20.863955,0.000000,10.337078,9,5,1
Westside,2025-09-21,614,1.097463,38.153220,20.629864,0.000000,10.656547,9,6,1
